station_name,County,latitude,longitude,ring_number,core_number,nominal_depth,sampling_date_1,Ksat_cm_per_day,Ksat_cm_per_hr,sand,clay,silt,textural_class,bulk_density,particle_density,porosity,vwc_sat,vwc_field,vwc_2kPa,vwc_5kPa,vwc_10kPa,vwc_33kPa,vwc_70kPa,vwc_1500kPa,vwc_air_dry_2day,vwc_ovendry_40,theta_s_vanGenuchten,theta_r_vanGenuchten,alpha_vanGenuchten,n_vanGenuchten,thermal_cond_sat,thermal_cond_5kPa,thermal_cond_10kPa,thermal_cond_33kPa,thermal_cond_70kPa,thermal_cond_air_dry_2day,thermal_cond_ovendry_40,heat_capacity_sat,heat_capacity_5kPa,heat_capacity_10kPa,heat_capacity_33kPa,heat_capacity_70kPa,heat_capacity_air_dry_2day,heat_capacity_ovendry_40,diffussivity_sat,diffussivity_5kPa,diffussivity_10kPa,diffussivity_33kPa,diffussivity_70kPa,diffussivity_air_dry_2day,diffussivity_ovendry_40,L_dry,a_dry,b_dry,L_wet,a_wet,b_wet,total_N,total_C,Ca,Mg,Na,OM,P,pH,pHBuf,K,Observations
Manhattan,Riley,39.20856,-96.59169,1,1,5,6/27/2018 0:00,4439.3,185.0,,,,silty clay loam,1.40,2.62,0.46,0.43,0.27,0.43,0.39,0.37,0.32,0.30,0.20,,0.02,0.44,0.01,0.24,1.14,1.52,,,1.33,,,0.59,2.98,,,2.75,,,1.55,0.51,,,0.48,,,0.38,,,,,,,0.18,1.8,2362.2,357.8,122.1,3.3,33.0,5.9,6.4,326.5,roots causing high flow
Manhattan,Riley,39.20856,-96.59169,2,1,10,6/27/2018 0:00,288.1,12.0,,,,silty clay loam,1.48,2.64,0.44,0.43,0.22,0.43,0.39,0.38,0.32,0.31,0.22,,0.02,0.43,0.12,0.21,1.20,1.51,,,1.35,,,0.50,3.03,,,2.44,,,1.31,0.50,,,0.55,,,0.39,,,,,,,0.14,1.5,2446.1,390.4,159.5,2.8,10.1,6.3,6.5,208.7,
Manhattan,Riley,39.20856,-96.59169,3,1,20,6/27/2018 0:00,81.7,3.4,,,,silty clay loam,1.38,2.69,0.49,0.43,0.21,0.42,0.38,0.37,0.32,0.28,0.21,,0.01,0.43,0.14,0.21,1.26,1.51,,,1.34,,,0.34,2.88,,,2.89,,,1.01,0.52,,,0.47,,,0.33,,,,,,,0.14,1.4,2575.7,401.8,173.0,2.9,7.4,6.1,6.5,168.6,
Manhattan,Riley,39.20856,-96.59169,4,1,50,6/27/2018 0:00,11.3,0.5,,,,silty clay loam,1.51,2.68,0.44,0.42,0.30,0.42,0.40,0.39,0.36,0.35,0.29,,0.02,0.42,0.17,0.16,1.14,1.40,,,1.28,,,0.67,3.02,,,2.70,,,1.44,0.46,,,0.48,,,0.47,,,,,,,0.10,0.9,3334.6,668.7,203.7,2.3,1.6,6.7,6.7,258.1,
Manhattan,Riley,39.20856,-96.59169,5,2,5,6/27/2018 0:00,1411.1,58.8,11,29,60,silty clay loam,1.31,2.79,0.53,0.46,0.28,0.45,0.41,0.40,0.36,0.36,0.17,,0.02,0.44,0.01,0.04,1.23,1.19,,,1.24,,,,2.99,,,2.67,,,,0.40,,,0.46,,,,40.80,7.30,13.30,23.60,5.40,10.10,,,,,,,,,,,roots  causing high flow
Manhattan,Riley,39.20856,-96.59169,6,2,10,6/27/2018 0:00,203.7,8.5,9,33,58,silty clay loam,1.36,2.61,0.48,0.44,0.23,0.43,0.38,0.37,0.31,0.30,0.18,,0.02,0.45,0.01,0.31,1.15,1.37,,,1.29,,,,2.89,,,2.54,,,,0.48,,,0.51,,,,44.50,6.10,11.70,25.60,4.00,7.90,,,,,,,,,,,
Manhattan,Riley,39.20856,-96.59169,7,2,20,6/27/2018 0:00,93.7,3.9,9,33,58,silty clay loam,1.39,2.59,0.46,0.44,0.21,0.42,0.38,0.37,0.32,0.29,0.18,,0.02,0.44,0.01,0.29,1.15,1.54,,,1.47,,,,2.86,,,2.67,,,,0.54,,,0.55,,,,42.90,6.10,12.10,22.30,4.80,7.10,,,,,,,,,,,
Manhattan,Riley,39.20856,-96.59169,8,2,50,6/27/2018 0:00,0.4,0.0,6,39,56,silty clay loam,1.47,2.63,0.44,0.43,0.34,0.42,0.41,0.41,0.39,0.38,0.24,,0.01,0.42,0.01,0.02,1.18,1.37,,,1.36,,,,2.95,,,2.92,,,,0.46,,,0.47,,,,46.60,6.20,13.00,25.60,5.10,8.60,,,,,,,,,,,
Ashland Bottoms,Riley,39.12584,-96.63643,9,1,5,6/27/2018 0:00,17.0,0.7,,,,silty clay loam,1.44,2.59,0.45,0.42,0.24,0.42,0.40,0.39,0.35,0.32,0.22,,0.02,0.43,0.08,0.11,1.18,1.50,,,1.41,,,0.50,3.19,,,2.73,,,1.65,0.47,,,0.52,,,0.30,,,,,,,0.17,1.6,2584.6,365.7,118.3,3.2,5.4,6.1,6.6,340.7,
Ashland Bottoms,Riley,39.12584,-96.63643,10,1,10,6/27/2018 0:00,10185.3,424.4,,,,silty clay loam,1.35,2.63,0.49,0.41,0.20,0.38,0.35,0.34,0.30,0.28,0.20,,0.01,0.42,0.01,0.72,1.11,1.40,,,1.28,,,0.54,3.04,,,2.62,,,1.63,0.46,,,0.49,,,0.33,,,,,,,0.12,1.2,2690.6,410.3,111.8,2.7,3.2,6.2,6.6,209.2,roots  causing high flow
Ashland Bottoms,Riley,39.12584,-96.63643,11,1,20,6/27/2018 0:00,15401.1,641.7,,,,silty clay,1.24,2.64,0.53,0.46,0.23,0.41,0.38,0.37,0.32,0.29,0.22,,0.01,0.47,0.11,1.00,1.16,1.17,,,1.18,,,0.40,3.14,,,2.91,,,0.59,0.37,,,0.41,,,0.69,,,,,,,0.12,1.1,3166.0,556.8,119.8,2.6,2.1,6.0,6.5,231.3,roots  causing high flow
Ashland Bottoms,Riley,39.12584,-96.63643,12,1,50,6/27/2018 0:00,14172.7,590.5,,,,silty clay,1.18,2.61,0.55,0.49,0.23,0.43,0.39,0.38,0.32,0.31,0.19,,0.01,0.49,0.01,1.00,1.13,1.18,,,1.11,,,0.26,2.97,,,2.62,,,1.32,0.40,,,0.43,,,0.20,,,,,,,0.08,0.9,3465.0,676.4,168.7,2.2,1.0,6.8,6.8,255.5,roots
Ashland Bottoms,Riley,39.12584,-96.63643,13,2,5,6/27/2018 0:00,13223.2,551.0,8.6,33.2,58.2,silty clay loam,1.29,2.54,0.49,0.43,0.24,0.41,0.39,0.38,0.33,0.30,0.15,,0.02,0.42,0.01,0.08,1.22,1.42,,,1.22,,,,3.10,,,2.57,,,,0.46,,,0.48,,,,41.00,5.80,12.30,26.00,5.40,9.70,,,,,,,,,,,roots
Ashland Bottoms,Riley,39.12584,-96.63643,14,2,10,6/27/2018 0:00,13.9,0.6,5.0,37.2,57.8,silty clay loam,1.34,2.53,0.47,0.44,0.19,0.41,0.38,0.37,0.31,0.30,0.17,,0.01,0.43,0.01,0.20,1.16,1.41,,,1.37,,,,2.99,,,2.93,,,,0.47,,,0.47,,,,28.90,5.50,9.30,26.20,5.30,8.50,,,,,,,,,,,
Ashland Bottoms,Riley,39.12584,-96.63643,15,2,20,6/27/2018 0:00,11699.0,487.5,2.6,50.7,46.8,silty clay,1.29,2.54,0.49,0.45,0.25,0.43,0.41,0.40,0.37,0.36,0.22,,0.01,0.44,0.01,0.09,1.13,1.25,,,1.21,,,,3.19,,,3.11,,,,0.39,,,0.39,,,,41.10,6.50,11.80,28.90,6.40,10.70,,,,,,,,,,,roots  causing high flow
Ashland Bottoms,Riley,39.12584,-96.63643,16,2,50,6/27/2018 0:00,20.9,0.9,2.8,44.1,53.1,silty clay,1.35,2.68,0.50,0.44,0.24,0.42,0.39,0.38,0.35,0.34,0.21,,0.02,0.44,0.01,0.16,1.13,1.34,,,1.26,,,,3.03,,,2.58,,,,0.44,,,0.49,,,,43.10,6.50,13.90,29.80,6.20,11.80,,,,,,,,,,,
Clay Center,Clay,39.41722,-97.13926,17,1,5,6/27/2018 0:00,3.6,0.2,,,,silty clay,1.27,2.54,0.50,0.42,0.30,0.43,0.42,0.41,0.38,0.37,0.12,,0.02,0.42,0.01,0.01,1.49,1.42,,,1.41,,,0.43,3.17,,,2.78,,,1.12,0.45,,,0.51,,,0.38,,,,,,,0.26,2.7,2037.2,266.6,103.1,4.8,16.1,6.0,6.7,506.2,
Clay Center,Clay,39.41722,-97.13926,18,1,10,6/27/2018 0:00,38.3,1.6,,,,silt loam,1.36,2.52,0.46,0.42,0.26,0.44,0.41,0.40,0.32,0.31,0.13,,0.01,0.43,0.01,0.05,1.28,1.44,,,1.23,,,0.43,3.27,,,2.72,,,1.36,0.44,,,0.45,,,0.31,,,,,,,0.17,1.8,1986.9,259.0,107.4,3.2,5.9,6.2,6.7,385.0,
Clay Center,Clay,39.41722,-97.13926,19,1,20,6/27/2018 0:00,160.9,6.7,,,,silt loam,1.30,2.56,0.49,0.57,0.17,0.44,0.40,0.38,0.33,0.28,0.13,,0.01,0.57,0.01,1.00,1.18,1.42,,,1.25,,,0.50,3.56,,,2.61,,,1.38,0.40,,,0.48,,,0.36,,,,,,,0.15,1.6,2169.2,361.7,104.1,3.0,2.9,6.2,6.7,269.4,
Clay Center,Clay,39.41722,-97.13926,20,1,50,6/27/2018 0:00,102.6,4.3,,,,silty clay loam,1.22,2.66,0.54,0.57,0.17,0.41,0.36,0.35,0.30,0.28,0.12,,0.01,0.55,0.02,1.00,1.20,1.32,,,1.09,,,0.42,3.11,,,2.44,,,1.66,0.42,,,0.44,,,0.25,,,,,,,0.10,0.9,2874.1,569.4,146.3,2.2,1.2,6.9,7.0,279.0,
Clay Center,Clay,39.41722,-97.13926,21,2,5,6/27/2018 0:00,1.9,0.1,12,43,45,silty clay,1.34,2.52,0.47,0.56,0.31,0.42,0.41,0.41,0.38,0.37,0.11,,0.02,0.46,0.01,0.02,1.41,1.48,,,1.30,,,,3.08,,,3.20,,,,0.48,,,0.41,,,,44.10,6.70,12.00,22.20,4.70,7.60,,,,,,,,,,,
Clay Center,Clay,39.41722,-97.13926,22,2,10,6/27/2018 0:00,107.4,4.5,9,25,65,silt loam,1.42,2.62,0.46,0.55,0.25,0.42,0.41,0.40,0.32,0.27,0.12,,0.01,0.54,0.01,0.74,1.19,1.53,,,1.36,,,,2.89,,,2.49,,,,0.53,,,0.55,,,,44.90,6.30,11.80,26.20,5.50,8.90,,,,,,,,,,,
Clay Center,Clay,39.41722,-97.13926,23,2,20,6/27/2018 0:00,100.2,4.2,9,27,64,silt loam,1.34,2.54,0.47,0.56,0.14,0.43,0.39,0.38,0.32,0.26,0.11,,0.01,0.56,0.01,1.00,1.19,1.42,,,1.23,,,,3.31,,,2.69,,,,0.43,,,0.46,,,,43.80,6.90,12.90,24.70,5.60,8.70,,,,,,,,,,,
Clay Center,Clay,39.41722,-97.13926,24,2,50,6/27/2018 0:00,784.0,32.7,6,36,58,silty clay loam,1.22,2.57,0.53,0.55,0.17,0.39,0.34,0.32,0.28,0.26,0.16,,0.01,0.54,0.16,1.00,1.39,1.36,,,1.14,,,,3.12,,,2.54,,,,0.43,,,0.45,,,,48.30,7.10,14.50,28.90,6.20,11.00,,,,,,,,,,,
Washington,Washington,39.7812,-97.05978,25,1,5,7/20/2018 0:00,146.8,6.1,,,,clay loam,1.41,2.62,0.46,0.45,0.21,0.42,0.39,0.37,0.35,0.31,0.16,,0.01,0.43,0.01,0.08,1.20,1.62,,,1.57,,,0.48,3.14,,,2.78,,,1.44,0.52,,,0.57,,,0.33,,,,,,,0.12,1.8,1952.8,419.8,55.5,3.3,2.0,5.6,6.4,180.0,
Washington,Washington,39.7812,-97.05978,26,1,10,7/20/2018 0:00,527.7,22.0,,,,clay loam,1.44,2.60,0.45,0.43,0.20,0.40,0.37,0.35,0.30,0.28,0.15,,0.01,0.43,0.01,0.28,1.16,1.60,,,1.42,,,0.49,2.99,,,2.55,,,1.39,0.53,,,0.56,,,0.35,,,,,,,0.11,1.3,1937.3,405.5,57.0,2.8,1.0,5.4,6.4,141.6,
Washington,Washington,39.7812,-97.05978,27,1,20,7/20/2018 0:00,331.4,13.8,,,,clay loam,1.35,2.50,0.46,0.46,0.23,0.42,0.37,0.36,0.31,0.29,0.17,,0.01,0.46,0.01,0.56,1.15,1.63,,,1.45,,,0.65,2.93,,,2.64,,,1.34,0.56,,,0.55,,,0.48,,,,,,,0.09,1.0,2213.0,469.4,79.7,2.4,0.6,6.0,6.6,153.1,
Washington,Washington,39.7812,-97.05978,28,1,50,7/20/2018 0:00,1.7,0.1,,,,clay loam,1.46,2.63,0.45,0.41,0.28,0.37,0.36,0.35,0.32,0.31,0.19,,0.01,0.39,0.01,0.10,1.14,1.80,,,1.62,,,0.82,2.96,,,2.67,,,1.65,0.61,,,0.61,,,0.49,,,,,,,0.06,0.5,2585.1,586.1,116.0,1.5,0.4,6.3,6.8,180.9,
Washington,Washington,39.7812,-97.05978,29,2,5,7/20/2018 0:00,152.3,6.3,24,31,45,clay loam,1.35,2.47,0.45,0.43,0.21,0.40,0.38,0.36,0.31,0.29,0.15,,0.01,0.42,0.01,0.15,1.19,1.70,,,1.45,,,,3.16,,,2.48,,,,0.54,,,0.59,,,,45.80,8.30,16.10,25.80,8.50,12.70,,,,,,,,,,,
Washington,Washington,39.7812,-97.05978,30,2,10,7/20/2018 0:00,404.4,16.9,25,29,45,clay loam,1.45,2.64,0.45,0.44,0.19,0.40,0.36,0.35,0.30,0.29,0.15,,0.01,0.43,0.01,0.35,1.16,1.71,,,1.51,,,,3.04,,,2.85,,,,0.56,,,0.53,,,,51.40,11.50,20.00,29.90,9.00,14.40,,,,,,,,,,,
Washington,Washington,39.7812,-97.05978,31,2,20,7/20/2018 0:00,88.0,3.7,21,35,44,clay loam,1.39,2.67,0.48,0.44,0.22,0.41,0.36,0.35,0.30,0.29,0.16,,0.01,0.45,0.01,0.53,1.14,1.61,,,1.45,,,,2.53,,,2.48,,,,0.64,,,0.59,,,,45.40,10.30,18.30,30.20,10.60,14.30,,,,,,,,,,,
Washington,Washington,39.7812,-97.05978,32,2,50,7/20/2018 0:00,28.0,1.2,21,36,43,clay loam,1.44,2.67,0.46,0.38,0.27,0.36,0.35,0.34,0.32,0.31,0.19,,0.01,0.37,0.01,0.05,1.16,1.54,,,1.41,,,,2.67,,,2.78,,,,0.58,,,0.51,,,,51.10,10.60,17.90,33.70,10.20,15.40,,,,,,,,,,,
Belleville 2W,Republic,39.814,-97.6751,33,1,5,7/20/2018 0:00,86.7,3.6,,,,silt loam,1.21,2.41,0.50,0.48,0.09,0.45,0.43,0.42,0.31,0.29,0.13,,0.01,0.47,0.01,0.11,1.27,1.37,,,1.14,1.08,,0.35,3.08,,,2.58,2.28,,1.39,0.45,,,0.44,0.47,,0.26,,,,,,,0.26,2.8,2376.0,234.6,216.2,4.7,148.0,6.1,6.7,782.4,
Belleville 2W,Republic,39.814,-97.6751,34,1,10,7/20/2018 0:00,170.3,7.1,,,,silty clay loam,1.26,2.54,0.50,0.46,0.12,0.42,0.40,0.39,0.35,0.32,0.14,,0.02,0.43,0.01,0.04,1.27,1.31,,,1.22,1.14,,0.32,3.01,,,2.47,2.53,,1.12,0.44,,,0.49,0.45,,0.29,,,,,,,0.20,2.0,2192.6,244.6,212.5,3.6,216.0,5.8,6.4,782.5,
Belleville 2W,Republic,39.814,-97.6751,35,1,20,7/20/2018 0:00,15.3,0.6,,,,silty clay loam,1.14,2.50,0.54,0.51,0.14,0.42,0.40,0.39,0.36,0.29,0.14,,0.01,0.48,0.01,0.24,1.19,1.10,,,0.99,1.10,,,3.20,,,2.29,2.43,,,0.35,,,0.43,0.45,,,,,,,,,0.16,1.8,2722.8,336.3,206.4,3.3,325.0,6.7,6.9,1158.6,
Belleville 2W,Republic,39.814,-97.6751,36,1,50,7/20/2018 0:00,,,,,,silty clay,1.09,2.60,0.58,0.55,0.37,0.56,0.53,0.52,0.53,0.52,0.20,,0.02,0.55,0.01,0.01,1.37,1.06,,,1.19,1.19,,,3.11,,,3.19,3.30,,,0.34,,,0.37,0.36,,,,,,,,,0.12,1.3,3023.9,452.7,397.1,2.7,165.0,7.5,7.2,2262.3,shrink_swell
Belleville 2W,Republic,39.814,-97.6751,37,2,5,7/20/2018 0:00,218.0,9.1,12,22,67,silt loam,1.12,2.50,0.55,0.54,0.10,0.49,0.44,0.43,0.32,0.30,0.14,,0.02,0.53,0.01,0.26,1.22,1.18,,,0.98,0.90,,0.24,3.15,,,2.24,2.04,,1.09,0.37,,,0.44,0.44,,0.22,43.40,5.00,8.90,22.40,4.10,6.20,,,,,,,,,,,
Belleville 2W,Republic,39.814,-97.6751,38,2,10,7/20/2018 0:00,61.5,2.6,11,28,61,silty clay loam,1.24,2.62,0.53,0.48,0.15,0.43,0.41,0.40,0.35,0.34,0.17,,0.02,0.45,0.01,0.10,1.19,1.31,,,1.25,1.16,,0.39,2.93,,,2.78,2.86,,1.22,0.45,,,0.45,0.41,,0.32,39.30,4.20,7.90,17.90,2.90,4.50,,,,,,,,,,,
Belleville 2W,Republic,39.814,-97.6751,39,2,20,7/20/2018 0:00,6.1,0.3,10,29,60,silty clay loam,1.23,2.57,0.52,0.48,0.15,0.44,0.42,0.42,0.35,0.33,0.17,,0.02,0.46,0.01,0.10,1.20,1.38,,,1.25,1.20,,0.37,2.80,,,2.63,2.57,,1.11,0.49,,,0.48,0.47,,0.33,41.90,4.10,8.40,21.40,3.50,5.40,,,,,,,,,,,
Belleville 2W,Republic,39.814,-97.6751,40,2,50,7/20/2018 0:00,,,7,45,48,silty clay,1.08,2.62,0.59,0.55,0.47,0.61,0.58,0.57,0.54,0.52,0.21,,0.02,0.58,0.01,0.01,1.38,1.05,,,1.14,1.13,,,3.10,,,3.27,3.22,,,0.34,,,0.35,0.35,,,41.00,4.70,9.30,18.80,3.40,5.20,,,,,,,,,,,shrink_swell
Osborne,Osborne,39.45441,-98.70357,41,1,5,7/20/2018 0:00,121.8,5.1,,,,silt loam,1.19,2.50,0.52,0.46,0.28,0.44,0.41,0.41,0.30,0.27,0.13,,0.01,0.45,0.05,0.11,1.31,1.35,,,1.15,1.02,,0.37,2.93,,,2.41,2.17,,1.39,0.46,,,0.48,0.47,,0.27,,,,,,,0.20,2.1,2221.1,242.3,217.1,3.6,18.1,5.8,6.5,412.1,
Osborne,Osborne,39.45441,-98.70357,42,1,10,7/20/2018 0:00,345.3,14.4,,,,silty clay loam,1.28,2.62,0.51,0.46,0.15,0.42,0.39,0.39,0.32,0.17,0.18,,0.02,0.41,0.17,0.03,5.00,1.29,,,1.14,1.10,,0.33,2.89,,,2.51,2.48,,0.93,0.45,,,0.45,0.45,,0.35,,,,,,,0.14,1.4,2975.0,345.8,221.7,3.0,9.5,6.4,6.8,272.2,
Osborne,Osborne,39.45441,-98.70357,43,1,20,7/20/2018 0:00,167.0,7.0,,,,silty clay loam,1.31,2.70,0.51,0.48,0.17,0.43,0.40,0.40,0.34,0.32,0.23,,0.02,0.48,0.01,0.99,1.10,1.27,,,1.17,1.09,,0.35,2.84,,,2.61,2.83,,0.99,0.45,,,0.45,0.39,,0.35,,,,,,,0.11,1.2,3713.1,485.8,204.6,2.6,7.3,6.6,6.9,337.2,
Osborne,Osborne,39.45441,-98.70357,44,1,50,7/20/2018 0:00,10.9,0.5,,,,silty clay loam,1.24,2.63,0.53,0.52,0.16,0.45,0.41,0.41,0.34,0.30,0.21,,0.02,0.53,0.02,1.00,1.13,1.09,,,1.04,0.93,,0.45,2.98,,,2.44,2.26,,1.51,0.37,,,0.42,0.41,,0.30,,,,,,,0.08,0.7,3873.5,536.0,218.9,1.8,21.9,7.5,7.3,373.4,
Osborne,Osborne,39.45441,-98.70357,45,2,5,7/20/2018 0:00,863.9,36.0,14,24,62,silt loam,1.09,2.68,0.59,0.47,0.24,0.41,0.37,0.37,0.27,0.25,0.13,,0.02,0.47,0.01,0.40,1.20,1.28,,,0.97,1.00,,0.35,3.21,,,2.13,2.18,,1.37,0.40,,,0.46,0.46,,0.25,50.80,7.00,13.20,27.20,4.70,7.60,,,,,,,,,,,
Osborne,Osborne,39.45441,-98.70357,46,2,10,7/20/2018 0:00,9368.3,390.3,11,32,57,silty clay loam,1.06,2.54,0.58,0.54,0.14,0.40,0.37,0.37,0.31,0.27,0.16,,0.02,0.53,0.06,1.00,1.20,0.99,,,0.81,0.79,,0.28,2.82,,,1.93,1.71,,1.16,0.35,,,0.42,0.46,,0.24,46.30,6.00,11.30,25.50,4.60,7.30,,,,,,,,,,,macropores
Osborne,Osborne,39.45441,-98.70357,47,2,20,7/20/2018 0:00,451.7,18.8,8,36,56,silty clay loam,1.06,2.56,0.59,0.57,0.17,0.43,0.39,0.38,0.31,0.27,0.17,,0.02,0.56,0.10,1.00,1.24,1.08,,,0.78,0.89,,0.28,3.06,,,1.90,2.16,,1.27,0.35,,,0.41,0.41,,0.22,46.70,5.70,11.80,27.20,4.40,8.10,,,,,,,,,,,
Osborne,Osborne,39.45441,-98.70357,48,2,50,7/20/2018 0:00,16.3,0.7,8,36,56,silty clay loam,1.16,2.54,0.54,0.56,0.17,0.49,0.44,0.44,0.36,0.32,0.18,,0.03,0.56,0.01,0.53,1.16,1.10,,,1.12,0.93,,0.39,3.02,,,2.56,2.41,,1.58,0.37,,,0.44,0.39,,0.25,58.70,6.70,15.20,31.00,6.30,12.00,,,,,,,,,,,
Mitchell,Mitchell,39.43725,-98.21011,49,1,5,7/20/2018 0:00,526.0,21.9,,,,silty clay loam,1.13,2.57,0.56,0.50,0.14,0.45,0.40,0.40,0.32,0.30,0.18,,0.02,0.50,0.01,0.63,1.15,1.25,,,1.18,0.81,,0.35,3.09,,,2.75,1.82,,1.09,0.40,,,0.43,0.45,,0.32,,,,,,,0.21,2.3,3609.7,210.9,150.7,4.2,23.0,6.9,7.1,577.7,
Mitchell,Mitchell,39.43725,-98.21011,50,1,10,7/20/2018 0:00,2291.6,95.5,,,,silty clay loam,1.14,2.52,0.55,0.47,0.14,0.39,0.36,0.36,0.30,0.28,0.18,,0.01,0.46,0.03,1.00,1.14,1.14,,,1.03,0.88,,0.28,2.91,,,2.31,2.07,,1.28,0.39,,,0.45,0.42,,0.22,,,,,,,0.16,1.7,3755.2,200.2,188.9,3.3,19.6,7.4,7.2,481.2,
Mitchell,Mitchell,39.43725,-98.21011,51,1,20,7/20/2018 0:00,346.8,14.4,,,,silty clay loam,1.15,2.54,0.55,0.50,0.15,0.42,0.38,0.38,0.30,0.28,0.19,,0.02,0.50,0.06,1.00,1.17,1.13,,,1.07,0.88,,0.19,2.76,,,2.67,2.32,,0.71,0.41,,,0.40,0.38,,0.27,,,,,,,0.14,1.5,3973.2,226.6,177.8,3.3,11.4,7.2,7.1,380.5,
Mitchell,Mitchell,39.43725,-98.21011,52,1,50,7/20/2018 0:00,,,,,,silty clay loam,1.14,2.56,0.55,0.56,0.31,0.51,0.45,0.45,0.37,0.33,0.23,,0.03,0.57,0.06,0.80,1.15,1.04,,,1.11,0.90,,0.35,2.98,,,2.68,2.43,,1.40,0.35,,,0.41,0.37,,0.25,,,,,,,0.08,0.8,4263.9,432.7,261.4,2.1,10.1,7.4,7.2,349.7,shrink_swell
Mitchell,Mitchell,39.43725,-98.21011,53,2,5,7/20/2018 0:00,469.2,19.5,8,40,52,silty clay loam,1.01,2.46,0.59,0.54,0.14,0.51,0.44,0.44,0.33,0.31,0.16,0.17,0.03,0.54,0.01,0.29,1.20,1.20,,,1.06,0.96,0.89,0.38,3.04,,,2.29,2.52,2.20,1.22,0.39,,,0.46,0.38,0.41,0.31,44.30,6.00,10.20,24.40,4.40,6.80,,,,,,,,,,,
Mitchell,Mitchell,39.43725,-98.21011,54,2,10,7/20/2018 0:00,12.9,0.5,10,28,62,silty clay loam,1.33,2.60,0.49,0.44,0.18,0.44,0.44,0.44,0.36,0.34,0.21,0.19,0.04,0.45,0.17,0.04,1.46,1.37,,,1.30,1.20,0.82,0.38,3.31,,,2.79,2.57,2.03,1.25,0.41,,,0.47,0.47,0.40,0.30,49.30,6.10,11.30,22.30,3.60,6.90,,,,,,,,,,,
Mitchell,Mitchell,39.43725,-98.21011,55,2,20,7/20/2018 0:00,457.7,19.1,6,29,64,silty clay loam,1.17,2.54,0.54,0.53,0.19,0.48,0.44,0.44,0.36,0.31,0.20,0.18,0.04,0.53,0.01,0.33,1.16,1.16,,,1.17,0.84,0.67,0.36,2.93,,,2.54,2.13,1.90,1.36,0.40,,,0.46,0.39,0.36,0.26,47.90,6.10,11.90,29.60,4.70,8.80,,,,,,,,,,,
Mitchell,Mitchell,39.43725,-98.21011,56,2,50,7/20/2018 0:00,37.8,1.6,4,36,60,silty clay loam,1.19,2.68,0.56,0.55,0.18,0.50,0.45,0.45,0.35,0.30,0.23,0.14,0.02,0.54,0.18,0.29,1.35,1.05,,,1.02,1.00,0.80,0.31,2.95,,,2.33,2.30,1.99,1.21,0.36,,,0.44,0.43,0.40,0.25,52.60,7.00,14.10,36.20,6.90,13.10,,,,,,,,,,,
Gypsum,Saline,38.72509,-97.44423,57,1,5,7/23/2018 0:00,10.5,0.4,,,,silty clay loam,1.42,2.67,0.47,0.38,0.22,0.38,0.36,0.36,0.29,0.27,0.18,0.14,0.02,0.38,0.16,0.07,1.45,1.51,,,1.41,1.43,1.09,0.43,3.27,,,2.31,2.43,1.29,1.38,0.46,,,0.61,0.59,0.84,0.31,,,,,,,0.12,1.3,2122.6,583.0,36.7,2.5,15.9,6.3,6.7,404.5,
Gypsum,Saline,38.72509,-97.44423,58,1,10,7/23/2018 0:00,51.9,2.2,,,,silty clay loam,1.40,2.66,0.47,0.39,0.16,0.39,0.37,0.37,0.28,0.25,0.20,0.12,0.02,0.39,0.19,0.07,1.75,1.52,,,1.24,1.26,1.04,0.38,3.35,,,2.06,2.27,1.47,1.10,0.45,,,0.60,0.56,0.71,0.35,,,,,,,0.13,1.6,2411.5,606.5,40.3,3.0,24.1,6.8,6.9,236.8,
Gypsum,Saline,38.72509,-97.44423,59,1,20,7/23/2018 0:00,40.3,1.7,,,,silty clay loam,1.29,2.61,0.51,0.50,0.14,0.48,0.43,0.43,0.29,0.27,0.17,0.13,0.02,0.49,0.15,0.11,1.55,1.42,,,1.33,1.33,1.01,0.37,3.04,,,2.41,2.82,2.05,0.73,0.47,,,0.55,0.47,0.49,0.51,,,,,,,0.12,1.4,2285.8,561.0,33.1,2.6,26.6,6.2,6.8,224.6,
Gypsum,Saline,38.72509,-97.44423,60,1,50,7/23/2018 0:00,6361.0,265.0,,,,silty clay loam,1.22,2.64,0.54,0.50,0.13,0.47,0.45,0.45,0.44,0.38,0.16,0.20,0.02,0.47,0.01,0.02,1.32,1.13,,,1.19,1.15,0.91,0.35,2.97,,,2.78,2.66,1.97,1.27,0.38,,,0.43,0.43,0.46,0.28,,,,,,,0.11,1.5,2396.1,649.1,54.8,2.8,15.6,6.6,6.8,171.9,macropores and cracks
Gypsum,Saline,38.72509,-97.44423,61,2,5,7/23/2018 0:00,43.8,1.8,5,32,63,silty clay loam,1.36,2.55,0.47,0.40,0.25,0.40,0.37,0.37,0.31,0.29,0.19,0.17,0.04,0.40,0.08,0.10,1.22,1.43,,,1.29,1.25,1.10,0.52,2.56,,,2.30,2.22,1.54,1.32,0.56,,,0.56,0.56,0.72,0.39,42.00,5.70,10.60,23.50,4.60,7.20,,,,,,,,,,,
Gypsum,Saline,38.72509,-97.44423,62,2,10,7/23/2018 0:00,5.8,0.2,9,29,62,silty clay loam,1.48,2.62,0.44,0.40,0.24,0.39,0.37,0.37,0.32,0.31,0.20,0.18,0.05,0.40,0.02,0.10,1.14,1.58,,,1.52,1.49,0.82,,2.89,,,2.69,2.19,1.68,,0.55,,,0.57,0.68,0.49,,45.20,5.50,11.80,24.70,4.50,6.80,,,,,,,,,,,
Gypsum,Saline,38.72509,-97.44423,63,2,20,7/23/2018 0:00,6.9,0.3,8,28,64,silty clay loam,1.42,2.60,0.45,0.45,0.17,0.43,0.40,0.40,0.36,0.29,0.18,0.16,0.04,0.43,0.08,0.08,1.27,1.59,,,1.53,1.36,1.23,0.53,2.80,,,2.32,2.24,1.56,1.20,0.57,,,0.66,0.61,0.79,0.44,38.80,5.70,10.60,22.20,4.00,6.70,,,,,,,,,,,
Gypsum,Saline,38.72509,-97.44423,64,2,50,7/23/2018 0:00,3.7,0.2,8,31,61,silty clay loam,1.39,2.63,0.47,0.46,0.17,0.43,0.42,0.42,0.35,0.30,0.19,0.17,0.04,0.44,0.14,0.06,1.42,1.50,,,1.33,1.35,1.05,0.51,3.12,,,2.19,2.33,1.92,1.49,0.48,,,0.61,0.58,0.55,0.34,41.80,6.50,11.40,25.30,4.70,7.50,,,,,,,,,,,
McPherson 1S,McPherson,38.34498,-97.66317,65,1,5,7/23/2018 0:00,1.3,0.1,,,,silty clay loam,1.46,2.69,0.46,0.36,0.28,0.35,0.35,0.35,0.30,0.28,0.23,0.14,0.02,0.36,0.22,0.05,1.64,1.50,,,1.38,1.18,1.08,0.48,2.86,,,2.46,2.00,1.63,1.08,0.52,,,0.56,0.59,0.67,0.45,,,,,,,0.12,1.3,2299.5,575.1,57.5,2.5,16.3,5.3,6.1,290.2,
McPherson 1S,McPherson,38.34498,-97.66317,66,1,10,7/23/2018 0:00,1.4,0.1,,,,silty clay loam,1.44,2.63,0.45,0.36,0.30,0.35,0.34,0.33,0.31,0.29,0.20,0.14,0.02,0.35,0.01,0.07,1.12,1.51,,,1.47,1.46,1.24,,2.63,,,2.75,2.51,1.85,,0.57,,,0.54,0.58,0.67,,,,,,,,0.10,1.2,2172.4,534.0,56.2,2.2,9.0,5.4,6.2,209.1,
McPherson 1S,McPherson,38.34498,-97.66317,67,1,20,7/23/2018 0:00,3.4,0.1,,,,silty clay,1.39,2.62,0.47,0.48,0.34,0.43,0.40,0.40,0.36,0.34,0.25,0.19,0.02,0.48,0.01,1.00,1.09,1.33,,,1.28,1.28,1.25,,3.16,,,2.61,2.66,1.37,,0.42,,,0.49,0.48,0.91,,,,,,,,0.10,1.1,3225.0,820.9,86.5,2.1,2.9,6.4,6.6,281.6,
McPherson 1S,McPherson,38.34498,-97.66317,68,1,50,7/23/2018 0:00,0.6,0.0,,,,silty clay,1.46,2.68,0.46,0.45,0.34,0.43,0.41,0.41,0.38,0.37,0.31,0.21,0.02,0.46,0.01,0.87,1.05,1.35,,,1.30,1.33,1.36,,3.06,,,2.65,2.82,2.53,,0.44,,,0.49,0.47,0.54,,,,,,,,0.05,0.5,3846.6,1079.3,205.8,1.5,6.1,7.4,7.1,320.3,
McPherson 1S,McPherson,38.34498,-97.66317,69,2,5,7/23/2018 0:00,4.0,0.2,3,33,64,silty clay loam,1.38,2.63,0.47,0.40,0.30,0.39,0.38,0.38,0.34,0.31,0.21,0.17,0.04,0.40,0.06,0.05,1.19,1.50,,,1.41,1.28,1.17,0.53,2.70,,,2.49,2.81,1.85,1.64,0.56,,,0.56,0.46,0.63,0.33,45.80,6.40,11.60,26.00,5.20,7.80,,,,,,,,,,,
McPherson 1S,McPherson,38.34498,-97.66317,70,2,10,7/23/2018 0:00,2.8,0.1,5,36,59,silty clay loam,1.37,2.69,0.49,0.40,0.33,0.40,0.37,0.37,0.34,0.33,0.22,0.18,0.05,0.40,0.01,0.07,1.13,1.42,,,1.36,1.39,1.26,,3.38,,,2.21,2.56,1.35,,0.42,,,0.61,0.54,0.94,,48.50,6.50,12.00,30.00,5.80,9.00,,,,,,,,,,,
McPherson 1S,McPherson,38.34498,-97.66317,71,2,20,7/23/2018 0:00,50.2,2.1,4,44,52,silty clay,1.39,2.57,0.46,0.54,0.39,0.48,0.45,0.45,0.41,0.39,0.22,0.24,0.05,0.50,0.01,0.10,1.16,1.32,,,1.30,1.23,1.22,,3.17,,,2.67,2.80,2.05,,0.41,,,0.49,0.44,0.59,,49.90,6.40,12.40,27.80,5.30,8.90,,,,,,,,,,,
McPherson 1S,McPherson,38.34498,-97.66317,72,2,50,7/23/2018 0:00,1.7,0.1,2,46,52,silty clay,1.45,2.70,0.46,0.45,0.39,0.43,0.43,0.42,0.40,0.40,0.28,0.24,0.06,0.43,0.01,0.02,1.14,1.44,,,1.37,1.40,1.41,,2.92,,,2.75,2.91,2.27,,0.49,,,0.50,0.48,0.62,,54.10,6.40,13.50,30.10,6.30,10.80,,,,,,,,,,,
Lorraine,Ellsworth,38.55793,-98.3522,73,1,5,7/23/2018 0:00,224.2,9.3,,,,silty clay loam,1.26,2.63,0.52,0.48,0.19,0.47,0.42,0.41,0.31,0.29,0.17,0.15,0.02,0.49,0.07,0.23,1.24,1.35,,,1.02,1.08,0.76,0.31,2.99,,,2.17,2.16,1.67,1.19,0.45,,,0.47,0.50,0.45,0.26,,,,,,,0.16,2.1,2663.9,442.4,26.6,3.3,42.2,6.6,6.9,572.9,
Lorraine,Ellsworth,38.55793,-98.3522,74,1,10,7/23/2018 0:00,23.9,1.0,,,,silty clay,1.40,2.64,0.47,0.44,0.22,0.44,0.41,0.40,0.33,0.32,0.18,0.17,0.02,0.44,0.01,0.14,1.17,1.32,,,1.20,1.18,1.05,0.48,2.72,,,2.19,2.38,1.89,1.69,0.49,,,0.55,0.50,0.56,0.29,,,,,,,0.13,1.7,2739.0,498.7,29.0,2.7,13.5,6.4,6.7,423.4,
Lorraine,Ellsworth,38.55793,-98.3522,75,1,20,7/23/2018 0:00,0.4,0.0,,,,silty clay loam,1.55,2.67,0.42,0.41,0.28,0.40,0.39,0.39,0.33,0.31,0.21,0.17,0.02,0.41,0.08,0.09,1.19,1.53,,,1.36,1.30,1.21,0.63,2.39,,,1.97,1.31,1.77,1.57,0.64,,,0.69,0.99,0.68,0.40,,,,,,,0.11,1.3,2905.1,572.2,39.6,2.3,4.4,6.4,6.7,257.8,
Lorraine,Ellsworth,38.55793,-98.3522,76,1,50,7/23/2018 0:00,0.5,0.0,,,,silty clay loam,1.55,2.68,0.42,0.43,0.28,0.43,0.42,0.41,0.38,0.36,0.28,0.22,0.02,0.43,0.16,0.07,1.18,1.36,,,1.35,1.28,1.25,0.75,2.57,,,1.94,1.62,1.68,1.55,0.53,,,0.70,0.79,0.74,0.48,,,,,,,0.07,0.7,3941.2,791.5,101.3,1.9,0.8,7.0,7.0,326.3,
Lorraine,Ellsworth,38.55793,-98.3522,77,2,5,7/23/2018 0:00,37.8,1.6,11,29,60,silty clay loam,1.35,2.61,0.48,0.47,0.23,0.47,0.45,0.44,0.32,0.29,0.16,0.16,0.03,0.47,0.13,0.06,1.52,1.36,,,1.19,1.09,0.92,0.35,2.57,,,2.40,1.98,1.94,1.62,0.53,,,0.50,0.55,0.48,0.22,45.00,6.90,11.50,23.70,5.10,7.10,,,,,,,,,,,
Lorraine,Ellsworth,38.55793,-98.3522,78,2,10,7/23/2018 0:00,164.2,6.8,10,46,44,silty clay,1.47,2.66,0.45,0.41,0.24,0.40,0.37,0.37,0.32,0.31,0.27,0.18,0.03,0.41,0.23,0.35,1.26,1.42,,,1.23,1.19,0.89,0.39,2.90,,,2.15,2.02,1.60,1.36,0.49,,,0.58,0.59,0.55,0.29,54.20,6.70,13.60,29.00,5.50,9.90,,,,,,,,,,,
Lorraine,Ellsworth,38.55793,-98.3522,79,2,20,7/23/2018 0:00,0.9,0.0,7,38,55,silty clay loam,1.45,2.67,0.46,0.41,0.29,0.41,0.40,0.40,0.35,0.34,0.21,0.21,0.04,0.41,0.01,0.05,1.16,1.36,,,1.28,1.21,1.06,0.57,2.89,,,1.65,1.77,1.42,1.15,0.47,,,0.77,0.69,0.75,0.50,44.70,5.80,10.90,23.80,4.50,7.90,,,,,,,,,,,
Lorraine,Ellsworth,38.55793,-98.3522,80,2,50,7/23/2018 0:00,1.8,0.1,12,32,56,silty clay loam,1.55,2.73,0.43,0.53,0.31,0.50,0.48,0.48,0.43,0.41,0.20,0.26,0.05,0.51,0.01,0.03,1.24,1.36,,,1.28,1.23,1.16,0.82,2.96,,,2.21,2.12,1.59,1.97,0.46,,,0.58,0.58,0.73,0.42,46.60,6.80,12.40,26.30,5.60,8.20,,,,,,,,,,,
Overbrook,Osage,38.71658,-95.51626,81,1,5,9/26/2018 0:00,790.8,32.9,,,,silty clay,1.11,2.56,0.57,0.57,0.25,0.52,0.46,0.45,0.40,0.38,0.21,0.24,0.02,0.56,0.01,0.38,1.15,1.21,,,1.15,1.12,0.62,0.34,2.87,,,1.96,2.05,2.00,1.31,0.42,,,0.59,0.55,0.31,0.26,,,,,,,0.37,4.1,3832.4,772.2,35.9,7.4,7.8,6.2,6.5,363.4,roots and cracks
Overbrook,Osage,38.71658,-95.51626,82,1,10,9/26/2018 0:00,498.4,20.8,,,,silty clay,1.35,2.65,0.49,0.49,0.27,0.44,0.41,0.41,0.36,0.35,0.22,0.21,0.02,0.48,0.01,0.42,1.12,1.28,,,1.07,1.15,0.94,0.47,2.67,,,1.76,2.08,2.08,1.41,0.48,,,0.61,0.55,0.45,0.33,,,,,,,0.19,2.2,3911.2,881.3,38.6,4.3,3.9,6.6,6.7,252.3,
Overbrook,Osage,38.71658,-95.51626,83,1,20,9/26/2018 0:00,173.8,7.2,,,,silty clay,1.29,2.57,0.50,0.50,0.27,0.45,0.41,0.41,0.37,0.35,0.22,0.22,0.02,0.50,0.01,0.55,1.12,1.15,,,1.09,0.99,0.78,0.42,2.91,,,2.62,2.24,2.18,1.54,0.39,,,0.42,0.44,0.36,0.27,,,,,,,0.19,2.4,3919.7,1040.3,43.8,4.6,2.1,6.8,6.8,222.0,
Overbrook,Osage,38.71658,-95.51626,84,1,50,9/26/2018 0:00,0.9,0.0,,,,clay,1.43,2.71,0.47,0.40,0.28,0.40,0.39,0.39,0.37,0.36,0.27,0.21,0.02,0.40,0.03,0.05,1.10,1.26,,,1.19,1.19,1.17,0.75,2.88,,,2.23,2.67,1.83,1.63,0.44,,,0.53,0.45,0.64,0.46,,,,,,,0.07,0.7,3836.4,1466.1,74.1,2.4,0.4,7.5,7.1,202.3,
Overbrook,Osage,38.71658,-95.51626,85,2,5,9/26/2018 0:00,7418.5,309.1,6,40,55,silty clay,1.00,2.62,0.62,0.58,0.21,0.49,0.43,0.42,0.45,0.35,0.16,0.22,0.03,0.50,0.01,0.05,1.27,1.22,,,1.01,1.00,0.75,0.26,3.29,,,2.08,2.46,2.02,1.24,0.37,,,0.48,0.41,0.37,0.21,44.00,4.30,9.80,21.90,3.40,5.40,,,,,,,,,,,cracks casuing high flow
Overbrook,Osage,38.71658,-95.51626,86,2,10,9/26/2018 0:00,42269.3,1761.2,1,42,57,silty clay,1.20,2.62,0.54,0.48,0.25,0.41,0.38,0.38,0.34,0.32,0.18,0.14,0.04,0.47,0.01,0.48,1.13,1.11,,,0.92,0.95,0.58,0.23,3.06,,,2.16,1.77,1.63,1.17,0.36,,,0.43,0.54,0.35,0.20,36.30,4.30,8.60,20.70,2.90,4.90,,,,,,,,,,,cracks casuing high flow
Overbrook,Osage,38.71658,-95.51626,87,2,20,9/26/2018 0:00,19664.2,819.3,3,41,55,silty clay,1.18,2.62,0.55,0.54,0.28,0.44,0.41,0.40,0.36,0.35,0.19,0.22,0.05,0.53,0.01,1.00,1.13,1.13,,,0.96,0.89,0.55,0.49,3.02,,,2.04,2.29,2.35,1.45,0.37,,,0.47,0.39,0.24,0.34,38.10,3.60,7.40,21.40,2.70,4.50,,,,,,,,,,,cracks casuing high flow
Overbrook,Osage,38.71658,-95.51626,88,2,50,9/26/2018 0:00,973.1,40.5,1,60,39,clay,1.34,2.67,0.50,0.49,0.29,0.45,0.42,0.42,0.37,0.36,0.23,0.21,0.04,0.48,0.01,0.25,1.12,1.17,,,0.99,1.02,0.95,0.66,2.94,,,1.81,2.53,2.28,1.70,0.40,,,0.55,0.40,0.42,0.39,55.40,5.60,18.70,36.20,5.70,16.40,,,,,,,,,,,cracks
Ottawa 2SE,Franklin,38.54279,-95.24662,89,1,5,9/26/2018 0:00,20.9,0.9,,,,silty clay loam,1.22,2.54,0.52,0.48,0.21,0.48,0.44,0.43,0.36,0.33,0.15,0.18,0.02,0.47,0.01,0.06,1.26,1.29,,,1.17,1.16,0.92,0.43,2.80,,,1.44,1.98,1.54,1.38,0.46,,,0.81,0.58,0.60,0.32,,,,,,,0.25,2.8,2811.3,347.1,42.5,5.0,5.1,5.7,6.4,118.7,
Ottawa 2SE,Franklin,38.54279,-95.24662,90,1,10,9/26/2018 0:00,107.6,4.5,,,,silty clay loam,1.34,2.54,0.47,0.46,0.22,0.47,0.43,0.42,0.35,0.32,0.15,0.18,0.02,0.46,0.01,0.07,1.24,1.42,,,1.32,1.26,1.03,0.53,3.17,,,1.67,1.69,1.31,1.17,0.45,,,0.79,0.75,0.79,0.47,,,,,,,0.19,2.2,2819.0,332.0,53.9,4.1,2.4,5.9,6.5,92.0,
Ottawa 2SE,Franklin,38.54279,-95.24662,91,1,20,9/26/2018 0:00,164.2,6.8,,,,silty clay loam,1.34,2.45,0.45,0.45,0.22,0.44,0.39,0.38,0.33,0.32,0.15,0.17,0.02,0.44,0.01,0.10,1.21,1.37,,,1.32,1.21,0.94,0.50,2.86,,,2.33,1.72,1.36,1.73,0.48,,,0.57,0.71,0.69,0.29,,,,,,,0.16,2.0,2817.0,342.9,81.2,3.7,1.9,5.7,6.4,104.1,
Ottawa 2SE,Franklin,38.54279,-95.24662,92,1,50,9/26/2018 0:00,0.2,0.0,,,,silty clay,1.45,2.67,0.46,0.45,0.29,0.44,0.44,0.44,0.41,0.39,0.28,0.24,0.01,0.44,0.10,0.02,1.18,1.33,,,1.26,1.26,1.13,0.65,2.99,,,1.79,1.80,1.65,1.58,0.44,,,0.71,0.70,0.69,0.41,,,,,,,0.11,1.3,4174.5,743.4,266.3,3.0,0.8,6.4,6.5,234.2,no water appeared on soil surface at all in the permeameter
Ottawa 2SE,Franklin,38.54279,-95.24662,93,2,5,9/26/2018 0:00,122.5,5.1,8,30,62,silty clay loam,1.17,2.54,0.54,0.51,0.18,0.51,0.47,0.47,0.37,0.33,0.13,0.17,0.03,0.51,0.01,0.06,1.30,1.30,,,1.08,0.99,0.79,0.39,2.44,,,2.30,2.29,1.95,1.16,0.54,,,0.47,0.43,0.40,0.34,45.50,5.10,9.70,23.30,3.30,6.90,,,,,,,,,,,
Ottawa 2SE,Franklin,38.54279,-95.24662,94,2,10,9/26/2018 0:00,205.7,8.6,8,30,63,silty clay loam,1.35,2.56,0.47,0.46,0.23,0.47,0.44,0.44,0.37,0.35,0.16,0.18,0.04,0.46,0.01,0.04,1.26,1.43,,,1.41,1.36,1.19,0.69,2.61,,,2.07,2.23,2.00,1.32,0.55,,,0.68,0.61,0.59,0.53,46.90,5.50,9.70,24.80,4.30,7.10,,,,,,,,,,,
Ottawa 2SE,Franklin,38.54279,-95.24662,95,2,20,9/26/2018 0:00,327.6,13.7,6,30,64,silty clay loam,1.27,2.60,0.51,0.47,0.24,0.45,0.39,0.39,0.33,0.32,0.15,0.15,0.03,0.46,0.01,0.13,1.20,1.29,,,1.13,1.14,0.76,0.43,2.68,,,2.17,2.04,1.74,1.22,0.48,,,0.52,0.56,0.44,0.35,45.10,4.90,8.50,19.60,3.10,5.10,,,,,,,,,,,
Ottawa 2SE,Franklin,38.54279,-95.24662,96,2,50,9/26/2018 0:00,26.3,1.1,1,54,45,silty clay,1.30,2.61,0.50,0.48,0.30,0.46,0.44,0.44,0.41,0.40,0.28,0.22,0.05,0.47,0.01,0.07,1.11,1.23,,,1.27,1.15,1.22,0.74,2.78,,,2.44,2.50,2.00,0.84,0.44,,,0.52,0.46,0.61,0.88,41.20,3.30,8.20,21.00,3.50,5.50,,,,,,,,,,,
Miami,Miami,38.59214,-94.84789,97,1,5,9/26/2018 0:00,9500.5,395.9,,,,silty clay loam,1.07,2.62,0.59,0.52,0.25,0.45,0.42,0.42,0.37,0.36,0.20,0.17,0.02,0.51,0.01,0.50,1.13,1.11,,,0.90,0.89,0.60,0.24,2.58,,,2.54,2.11,1.61,1.35,0.43,,,0.36,0.42,0.37,0.18,,,,,,,0.36,4.1,3261.0,359.1,39.0,7.4,1.7,5.6,6.3,131.5, macropores from activity of worms
Miami,Miami,38.59214,-94.84789,98,1,10,9/26/2018 0:00,306.8,12.8,,,,silty clay loam,1.33,2.70,0.51,0.45,0.27,0.44,0.40,0.40,0.35,0.34,0.23,0.16,0.02,0.45,0.01,0.22,1.11,1.33,,,1.27,1.29,0.86,0.36,2.40,,,2.38,2.31,1.61,1.37,0.56,,,0.53,0.56,0.53,0.26,,,,,,,0.23,2.8,3017.1,366.1,41.3,5.3,0.6,5.9,6.4,121.0, macropores from activity of worms
Miami,Miami,38.59214,-94.84789,99,1,20,9/26/2018 0:00,97.7,4.1,,,,silty clay,1.33,2.68,0.50,0.42,0.26,0.42,0.38,0.38,0.34,0.33,0.23,0.15,0.02,0.43,0.01,0.28,1.10,1.36,,,1.30,1.20,0.82,0.38,2.80,,,2.44,2.45,1.90,0.98,0.49,,,0.53,0.49,0.43,0.39,,,,,,,0.19,2.4,2929.9,395.6,49.2,4.6,0.5,5.6,6.2,125.4,
Miami,Miami,38.59214,-94.84789,100,1,50,9/26/2018 0:00,0.4,0.0,,,,clay,1.44,2.67,0.46,0.45,0.34,0.46,0.45,0.45,0.43,0.42,0.35,0.21,0.03,0.46,0.25,0.04,1.18,1.27,,,1.25,1.23,1.09,0.65,2.84,,,2.89,2.63,1.69,1.47,0.45,,,0.43,0.47,0.65,0.44,,,,,,,0.10,1.1,3950.5,748.7,134.6,3.1,0.5,6.0,6.4,240.4,
Miami,Miami,38.59214,-94.84789,101,2,5,9/26/2018 0:00,18849.3,785.4,6,30,64,silty clay loam,1.02,2.59,0.61,0.55,0.30,0.52,0.48,0.48,0.42,0.40,0.18,0.20,0.03,0.52,0.01,0.04,1.26,1.16,,,0.76,0.83,0.68,0.35,2.39,,,2.20,2.02,1.90,1.46,0.49,,,0.35,0.41,0.36,0.24,44.20,5.50,10.00,20.50,3.90,6.10,,,,,,,,,,, macropores from activity of worms
Miami,Miami,38.59214,-94.84789,102,2,10,9/26/2018 0:00,4096.6,170.7,5,34,62,silty clay loam,1.24,2.62,0.53,0.47,0.30,0.44,0.41,0.41,0.37,0.35,0.20,0.17,0.03,0.45,0.01,0.11,1.16,1.31,,,1.26,1.19,0.95,0.48,2.75,,,2.27,2.22,1.69,1.12,0.48,,,0.55,0.54,0.56,0.43,45.10,5.80,11.70,23.00,3.90,6.30,,,,,,,,,,, macropores from activity of worms
Miami,Miami,38.59214,-94.84789,103,2,20,9/26/2018 0:00,694.3,28.9,3,43,54,silty clay,1.29,2.57,0.50,0.48,0.31,0.43,0.40,0.40,0.37,0.35,0.24,0.18,0.04,0.49,0.01,0.99,1.09,1.29,,,1.20,1.20,1.06,0.47,2.88,,,3.17,2.64,2.17,1.17,0.45,,,0.38,0.45,0.49,0.40,44.10,5.90,12.60,24.70,5.20,8.90,,,,,,,,,,, macropores from activity of worms
Miami,Miami,38.59214,-94.84789,104,2,50,9/26/2018 0:00,0.2,0.0,5,56,39,clay,1.34,2.62,0.49,0.49,0.40,0.48,0.48,0.48,0.46,0.45,0.33,0.26,0.05,0.48,0.11,0.01,1.19,1.28,,,1.27,1.27,1.31,,3.50,,,3.14,2.69,2.39,,0.37,,,0.41,0.47,0.55,,48.70,6.80,17.20,28.60,6.50,12.90,,,,,,,,,,,
Butler,Butler,37.80241,-96.88329,1,1,5,6/17/2019 0:00,9.3,0.4,,,,silty clay loam,1.21,2.56,0.53,0.48,0.42,0.48,0.47,0.46,0.41,0.39,0.19,0.23,0.02,0.48,0.01,0.03,1.25,1.41,,,1.32,1.26,1.19,0.36,2.70,,,2.53,2.08,1.70,2.05,0.52,,,0.52,0.61,0.70,0.18,,,,,,,0.28,3.2,2637.7,356.7,30.1,5.6,1.5,5.8,6.4,276.1,
Butler,Butler,37.80241,-96.88329,2,1,10,6/17/2019 0:00,1.0,0.0,,,,silty clay loam,1.27,2.55,0.50,0.48,0.41,0.46,0.46,0.45,0.42,0.40,0.20,0.24,0.02,0.47,0.01,0.02,1.27,1.42,,,1.34,1.29,1.17,,2.68,,,2.47,2.17,1.90,,0.53,,,0.54,0.59,0.62,,,,,,,,0.24,2.7,2601.9,402.3,35.0,5.0,0.9,6.2,6.5,193.7,
Butler,Butler,37.80241,-96.88329,3,1,20,6/17/2019 0:00,1.5,0.1,,,,silty clay loam,1.28,2.54,0.50,0.48,0.41,0.47,0.46,0.46,0.41,0.38,0.21,0.22,0.02,0.47,0.01,0.03,1.22,1.40,,,1.36,1.21,1.17,,2.82,,,2.67,2.35,2.07,,0.50,,,0.51,0.52,0.56,,,,,,,,0.19,2.3,2653.8,496.2,38.7,4.5,0.7,5.8,6.3,158.9,
Butler,Butler,37.80241,-96.88329,4,1,50,6/17/2019 0:00,0.6,0.0,,,,clay,1.40,2.65,0.47,0.48,0.42,0.46,0.46,0.46,0.45,0.44,0.34,0.28,0.03,0.47,0.04,0.02,1.10,1.40,,,1.38,1.40,1.43,,2.80,,,2.57,2.51,2.29,,0.50,,,0.54,0.56,0.63,,,,,,,,0.10,1.3,3142.7,824.2,72.4,3.0,0.4,5.9,6.4,233.5,
Butler,Butler,37.80241,-96.88329,5,2,5,6/17/2019 0:00,1.4,0.1,14,28,58,silty clay loam,1.17,2.59,0.55,0.51,0.44,0.50,0.48,0.48,0.43,0.41,0.18,0.25,0.03,0.50,0.01,0.02,1.30,1.35,,,1.25,1.29,1.25,0.40,2.98,,,2.48,2.26,2.11,2.09,0.45,,,0.51,0.57,0.59,0.19,42.30,6.80,12.70,25.40,6.20,9.50,,,,,,,,,,,
Butler,Butler,37.80241,-96.88329,6,2,10,6/17/2019 0:00,1.8,0.1,14,27,59,silty clay loam,1.22,2.50,0.51,0.50,0.43,0.49,0.48,0.47,0.42,0.39,0.20,0.24,0.02,0.49,0.01,0.03,1.24,1.35,,,1.30,1.28,1.12,0.39,2.79,,,2.42,2.26,1.81,1.63,0.48,,,0.54,0.57,0.62,0.24,39.00,6.60,12.30,23.30,5.80,8.70,,,,,,,,,,,
Butler,Butler,37.80241,-96.88329,7,2,20,6/17/2019 0:00,95.1,4.0,11,35,54,silty clay loam,1.20,2.52,0.52,0.51,0.41,0.47,0.45,0.45,0.38,0.36,0.21,0.23,0.03,0.50,0.01,0.14,1.16,1.38,,,1.23,1.18,1.09,0.44,2.80,,,2.75,2.11,1.92,1.77,0.49,,,0.45,0.56,0.57,0.25,41.00,7.80,13.30,23.40,6.40,9.10,,,,,,,,,,,
Butler,Butler,37.80241,-96.88329,8,2,50,6/17/2019 0:00,0.4,0.0,10,52,38,clay,1.35,2.66,0.49,0.48,0.43,0.47,0.47,0.46,0.45,0.44,0.33,0.30,0.05,0.47,0.04,0.02,1.12,1.37,,,1.33,1.35,1.42,0.55,2.82,,,2.85,2.25,1.93,1.00,0.49,,,0.47,0.60,0.73,0.53,50.10,14.60,23.10,29.00,13.30,16.70,,,,,,,,,,,
Viola,Sumner,37.45974,-97.6245,9,1,5,6/17/2019 0:00,99.4,4.1,,,,silt loam,1.27,2.63,0.52,0.50,0.30,0.47,0.44,0.44,0.45,0.43,0.12,0.27,0.01,0.47,0.01,0.01,1.50,1.61,,,1.55,1.56,1.12,,2.69,,,2.65,2.46,2.48,,0.60,,,0.59,0.63,0.45,,,,,,,,0.13,1.5,1459.7,208.1,31.3,2.7,54.9,5.6,6.3,152.1,
Viola,Sumner,37.45974,-97.6245,10,1,10,6/17/2019 0:00,2.5,0.1,,,,silt loam,1.34,2.64,0.49,0.49,0.36,0.41,0.39,0.39,0.36,0.35,0.13,0.18,0.01,0.42,0.01,0.03,1.33,1.54,,,1.70,1.73,1.52,0.42,2.81,,,2.71,2.32,2.09,1.31,0.55,,,0.63,0.75,0.73,0.32,,,,,,,0.07,1.1,1039.2,218.6,23.3,2.1,60.1,4.6,6.0,121.8,part of the soil was lost to the saturation water during saturation after  swelling under vacuum
Viola,Sumner,37.45974,-97.6245,11,1,20,6/17/2019 0:00,4.8,0.2,,,,silt loam,1.40,2.65,0.47,0.47,0.31,0.43,0.41,0.41,0.27,0.24,0.17,0.14,0.01,0.45,0.16,0.10,1.68,1.46,,,1.26,1.17,1.02,0.35,2.95,,,2.15,1.90,1.62,1.16,0.50,,,0.59,0.61,0.63,0.30,,,,,,,0.08,1.1,1679.1,452.8,24.4,2.1,14.8,5.0,6.2,146.3,
Viola,Sumner,37.45974,-97.6245,12,1,50,6/17/2019 0:00,0.5,0.0,,,,silty clay,1.47,2.68,0.45,0.42,0.36,0.41,0.41,0.41,0.40,0.39,0.34,0.27,0.02,0.42,0.22,0.02,1.15,1.49,,,1.41,1.38,1.44,,2.98,,,2.47,2.44,2.02,,0.50,,,0.57,0.57,0.72,,,,,,,,0.06,0.6,3302.8,1397.8,162.5,1.8,0.7,6.9,7.0,279.0,
Viola,Sumner,37.45974,-97.6245,13,2,5,6/17/2019 0:00,4084.4,170.2,18,19,63,silt loam,1.36,2.62,0.48,0.42,0.28,0.40,0.39,0.39,0.31,0.28,0.12,0.15,0.02,0.41,0.01,0.06,1.30,1.61,,,1.36,1.22,1.04,,3.01,,,1.97,1.84,1.46,,0.53,,,0.69,0.66,0.72,,45.60,8.50,15.00,26.10,6.60,9.50,,,,,,,,,,,macropores causing high flow
Viola,Sumner,37.45974,-97.6245,14,2,10,6/17/2019 0:00,141.8,5.9,16,19,65,silt loam,1.44,2.62,0.45,0.40,0.28,0.38,0.36,0.36,0.28,0.25,0.13,0.12,0.02,0.40,0.01,0.10,1.24,1.66,,,1.52,1.44,1.15,,2.55,,,1.96,1.88,1.49,,0.65,,,0.78,0.76,0.77,,47.90,8.20,14.50,26.40,6.20,8.90,,,,,,,,,,,
Viola,Sumner,37.45974,-97.6245,15,2,20,6/17/2019 0:00,0.5,0.0,17,24,59,silt loam,1.47,2.65,0.45,0.38,0.32,0.37,0.36,0.36,0.33,0.30,0.17,0.15,0.02,0.38,0.01,0.04,1.20,1.66,,,1.54,1.58,1.25,,2.40,,,2.37,1.82,1.72,,0.69,,,0.65,0.87,0.73,,44.50,7.10,12.80,29.60,5.20,7.40,,,,,,,,,,,
Viola,Sumner,37.45974,-97.6245,16,2,50,6/17/2019 0:00,1.3,0.1,10,47,44,silty clay,1.46,2.72,0.46,0.45,0.37,0.44,0.43,0.43,0.38,0.37,0.30,0.25,0.05,0.45,0.25,0.11,1.26,1.43,,,1.32,1.29,1.26,,2.76,,,2.60,2.44,2.33,,0.52,,,0.51,0.53,0.54,,54.80,7.00,14.30,25.80,5.60,9.20,,,,,,,,,,,
Harper,Harper,37.06477,-98.08467,17,1,5,6/17/2019 0:00,4.5,0.2,,,,silt loam,1.40,2.69,0.48,0.44,0.35,0.43,0.43,0.43,0.32,0.26,0.11,0.13,0.01,0.44,0.10,0.04,1.74,1.52,,,1.36,1.22,0.92,0.33,2.53,,,2.07,1.72,1.36,1.13,0.60,,,0.66,0.71,0.68,0.29,,,,,,,0.16,2.1,1585.9,312.3,13.0,3.1,3.2,6.9,7.1,340.2,
Harper,Harper,37.06477,-98.08467,18,1,10,6/17/2019 0:00,113.7,4.7,,,,silt loam,1.30,2.69,0.52,0.48,0.30,0.46,0.40,0.39,0.26,0.24,0.10,0.11,0.01,0.48,0.03,0.19,1.32,1.43,,,1.22,1.14,0.94,0.42,2.70,,,1.67,1.65,1.32,1.22,0.53,,,0.73,0.69,0.71,0.34,,,,,,,0.13,1.7,1619.9,323.6,13.0,2.6,1.8,6.8,7.1,286.8,
Harper,Harper,37.06477,-98.08467,19,1,20,6/17/2019 0:00,490.3,20.4,,,,silt loam,1.23,2.63,0.53,0.50,0.25,0.46,0.37,0.37,0.25,0.22,0.10,0.10,0.01,0.51,0.01,0.42,1.27,1.45,,,1.11,1.01,0.85,0.31,2.80,,,1.74,1.64,1.08,1.15,0.52,,,0.64,0.62,0.79,0.27,,,,,,,0.11,1.5,1675.4,328.8,13.8,2.6,1.4,6.9,7.2,216.8,
Harper,Harper,37.06477,-98.08467,20,1,50,6/17/2019 0:00,75.2,3.1,,,,silt loam,1.32,2.68,0.51,0.47,0.26,0.45,0.38,0.37,0.24,0.21,0.10,0.08,0.01,0.47,0.06,0.18,1.42,1.50,,,1.15,1.14,0.76,0.38,2.68,,,1.79,1.63,1.43,1.28,0.56,,,0.64,0.70,0.53,0.30,,,,,,,0.06,0.7,1622.4,350.6,17.1,1.5,1.1,6.8,7.2,122.2,
Harper,Harper,37.06477,-98.08467,21,2,5,6/17/2019 0:00,30.7,1.3,16,11,72,silt loam,1.37,2.62,0.48,0.43,0.32,0.43,0.43,0.42,0.34,0.23,0.10,0.08,0.02,0.43,0.09,0.03,2.20,1.48,,,1.38,1.18,0.73,0.42,2.54,,,2.40,1.95,1.49,1.23,0.58,,,0.57,0.61,0.49,0.34,51.30,13.60,19.30,27.60,9.90,12.80,,,,,,,,,,,
Harper,Harper,37.06477,-98.08467,22,2,10,6/17/2019 0:00,4409.8,183.7,21,16,63,silt loam,1.26,2.76,0.55,0.46,0.29,0.43,0.36,0.35,0.26,0.23,0.10,0.08,0.02,0.46,0.01,0.31,1.25,1.36,,,1.13,1.08,0.72,0.44,2.48,,,2.18,2.16,1.59,1.27,0.55,,,0.52,0.50,0.45,0.35,41.70,13.30,19.10,25.30,9.60,11.00,,,,,,,,,,,roots macropores and was loose inside the ring and created a space between sample and ring
Harper,Harper,37.06477,-98.08467,23,2,20,6/17/2019 0:00,247.1,10.3,16,19,65,silt loam,1.29,2.67,0.52,0.47,0.27,0.45,0.36,0.35,0.29,0.29,0.10,0.09,0.02,0.47,0.01,0.34,1.21,1.48,,,1.20,1.23,0.70,0.44,2.49,,,2.50,2.26,2.12,1.37,0.59,,,0.48,0.54,0.33,0.32,44.40,15.80,21.70,28.70,11.30,13.20,,,,,,,,,,,small space between sample and ring
Harper,Harper,37.06477,-98.08467,24,2,50,6/17/2019 0:00,0.6,0.0,17,23,60,silt loam,1.60,2.68,0.40,0.39,0.31,0.39,0.39,0.39,0.31,0.29,0.13,0.10,0.02,0.40,0.07,0.04,1.42,1.75,,,1.59,1.45,0.82,0.53,2.39,,,2.43,2.15,1.75,1.47,0.73,,,0.66,0.67,0.47,0.36,47.10,19.80,25.90,29.30,14.80,15.80,,,,,,,,,,,
Lake City,Barber,37.30903,-98.79332,25,1,5,6/17/2019 0:00,123.9,5.2,,,,sandy loam,1.63,2.64,0.38,0.35,0.21,0.34,0.30,0.30,0.23,0.21,0.08,0.06,0.01,0.35,0.01,0.13,1.27,2.06,,,1.77,1.78,1.05,0.62,2.58,,,2.15,1.79,1.45,1.17,0.80,,,0.82,1.00,0.73,0.53,,,,,,,0.08,0.8,1118.8,146.1,14.4,1.8,5.2,7.1,7.2,210.9,
Lake City,Barber,37.30903,-98.79332,26,1,10,6/17/2019 0:00,377.7,15.7,,,,sandy loam,1.59,2.72,0.41,0.37,0.19,0.33,0.26,0.25,0.20,0.17,0.07,0.05,0.01,0.37,0.01,0.63,1.23,2.13,,,1.58,1.61,0.89,0.57,2.48,,,2.55,2.24,1.85,1.61,0.86,,,0.62,0.72,0.48,0.36,,,,,,,0.05,0.7,1105.6,145.7,12.3,1.5,2.4,7.0,7.2,196.5,roots and coarse gravels
Lake City,Barber,37.30903,-98.79332,27,1,20,6/17/2019 0:00,488.7,20.4,,,,sandy loam,1.57,2.64,0.41,0.38,0.17,0.35,0.25,0.25,0.23,0.18,0.07,0.05,0.01,0.40,0.01,0.76,1.22,1.93,,,1.33,1.45,0.65,0.43,2.43,,,2.42,2.03,1.49,1.21,0.79,,,0.55,0.72,0.44,0.35,,,,,,,0.05,0.6,1274.5,153.7,20.7,1.4,1.8,7.1,7.3,186.3,roots and coarse gravels
Lake City,Barber,37.30903,-98.79332,28,1,50,6/17/2019 0:00,41.8,1.7,,,,sandy loam,1.82,2.68,0.32,0.30,0.14,0.29,0.24,0.24,0.18,0.18,0.09,0.06,0.01,0.31,0.01,0.37,1.20,2.24,,,1.78,1.63,0.76,0.32,2.23,,,2.11,1.86,1.81,1.05,1.01,,,0.84,0.88,0.42,0.31,,,,,,,0.01,0.3,977.7,150.2,22.4,0.9,3.4,7.6,7.4,156.5,
Lake City,Barber,37.30903,-98.79332,29,2,5,6/17/2019 0:00,227.7,9.5,62,13,26,sandy loam,1.62,2.70,0.40,0.35,0.20,0.33,0.29,0.29,0.23,0.21,0.08,0.08,0.02,0.34,0.01,0.11,1.28,2.16,,,1.84,2.06,0.93,0.57,1.94,,,2.08,2.14,1.87,1.40,1.11,,,0.88,0.96,0.50,0.41,47.70,12.10,17.40,28.70,9.40,11.80,,,,,,,,,,,
Lake City,Barber,37.30903,-98.79332,30,2,10,6/17/2019 0:00,71.9,3.0,65,11,23,sandy loam,1.75,2.62,0.33,0.31,0.21,0.31,0.29,0.28,0.21,0.20,0.09,0.07,0.01,0.31,0.01,0.10,1.26,2.26,,,1.89,1.74,1.09,0.67,2.28,,,2.33,2.18,1.79,1.41,0.99,,,0.81,0.80,0.61,0.47,43.20,11.90,17.20,28.40,8.60,10.70,,,,,,,,,,,
Lake City,Barber,37.30903,-98.79332,31,2,20,6/17/2019 0:00,9.9,0.4,67,13,21,sandy loam,1.79,2.69,0.33,0.31,0.20,0.29,0.27,0.26,0.20,0.19,0.09,0.07,0.01,0.31,0.01,0.17,1.22,2.36,,,2.05,1.87,1.03,0.68,2.19,,,2.15,2.26,1.90,1.47,1.08,,,0.95,0.83,0.54,0.47,41.00,12.10,16.90,30.20,8.90,10.70,,,,,,,,,,,
Lake City,Barber,37.30903,-98.79332,32,2,50,6/17/2019 0:00,10.3,0.4,72,13,15,sandy loam,1.86,2.74,0.32,0.29,0.14,0.27,0.25,0.24,0.17,0.17,0.08,0.06,0.01,0.28,0.01,0.20,1.23,2.35,,,1.89,1.25,0.43,0.29,1.81,,,1.74,1.88,1.40,1.13,1.30,,,1.09,0.67,0.31,0.25,47.20,16.30,21.10,34.50,11.80,14.20,,,,,,,,,,,
Ashland 8S,Clark,37.06488,-99.75115,33,1,5,6/18/2019 0:00,0.2,0.0,,,,clay loam,1.48,2.63,0.44,0.40,0.37,0.40,0.40,0.40,0.38,0.37,0.25,0.15,0.01,0.40,0.18,0.02,1.35,1.48,,,1.42,1.40,1.08,0.62,2.45,,,2.45,2.39,2.19,1.42,0.60,,,0.58,0.59,0.49,0.44,,,,,,,0.17,2.7,4635.7,514.7,89.3,3.3,150.8,7.8,7.4,644.3,
Ashland 8S,Clark,37.06488,-99.75115,34,1,10,6/18/2019 0:00,0.2,0.0,,,,clay loam,1.47,2.66,0.45,0.43,0.38,0.42,0.42,0.42,0.40,0.37,0.25,0.15,0.01,0.42,0.13,0.02,1.25,1.50,,,1.42,1.42,1.35,0.54,2.61,,,2.44,2.48,1.73,1.46,0.57,,,0.58,0.57,0.78,0.37,,,,,,,0.14,2.4,4539.6,494.9,58.4,2.8,119.8,8.0,7.5,645.7,
Ashland 8S,Clark,37.06488,-99.75115,35,1,20,6/18/2019 0:00,0.2,0.0,,,,clay loam,1.52,2.71,0.44,0.40,0.36,0.40,0.40,0.40,0.36,0.34,0.23,0.12,0.01,0.40,0.15,0.03,1.29,1.56,,,1.53,1.54,1.36,0.77,2.34,,,2.34,2.37,1.72,1.46,0.67,,,0.65,0.65,0.79,0.53,,,,,,,0.08,1.9,4608.9,516.5,116.6,1.7,20.6,8.1,7.5,476.4,
Ashland 8S,Clark,37.06488,-99.75115,36,1,50,6/18/2019 0:00,47.5,2.0,,,,sandy loam,1.58,2.66,0.41,0.41,0.36,0.37,0.37,0.37,0.17,0.16,0.03,0.05,0.01,0.40,0.02,0.07,1.80,2.06,,,1.54,1.43,0.80,0.36,2.71,,,1.87,1.67,1.37,1.16,0.76,,,0.82,0.86,0.59,0.32,,,,,,,0.01,0.6,2363.9,96.0,22.1,0.3,1.9,8.4,7.6,42.4,
Ashland 8S,Clark,37.06488,-99.75115,37,2,5,6/18/2019 0:00,0.2,0.0,31,32,37,clay loam,1.48,2.75,0.46,0.44,0.41,0.44,0.43,0.43,0.42,0.39,0.25,0.17,0.04,0.44,0.17,0.01,1.44,1.53,,,1.41,1.39,1.30,0.74,2.02,,,2.59,2.60,1.90,1.41,0.76,,,0.55,0.53,0.68,0.53,50.10,10.60,17.60,28.20,9.10,12.70,,,,,,,,,,,
Ashland 8S,Clark,37.06488,-99.75115,38,2,10,6/18/2019 0:00,0.1,0.0,28,33,38,clay loam,1.50,2.77,0.46,0.41,0.38,0.42,0.41,0.42,0.39,0.37,0.23,0.16,0.04,0.42,0.13,0.02,1.32,1.54,,,1.51,1.50,1.33,0.79,2.28,,,2.43,2.35,2.00,1.18,0.68,,,0.62,0.64,0.67,0.67,50.50,11.40,18.60,31.10,9.90,14.20,,,,,,,,,,,
Ashland 8S,Clark,37.06488,-99.75115,39,2,20,6/18/2019 0:00,0.2,0.0,23,36,41,clay loam,1.44,2.63,0.45,0.43,0.39,0.42,0.42,0.43,0.39,0.36,0.23,0.16,0.04,0.43,0.14,0.02,1.35,1.40,,,1.34,1.32,0.96,0.50,2.62,,,2.70,2.59,1.86,1.31,0.53,,,0.49,0.51,0.51,0.38,54.10,11.70,19.50,31.20,10.50,14.30,,,,,,,,,,,
Ashland 8S,Clark,37.06488,-99.75115,40,2,50,6/18/2019 0:00,72.9,3.0,75,6,19,sandy loam,1.51,2.71,0.44,0.42,0.38,0.38,0.37,0.37,0.13,0.12,0.03,0.03,0.01,0.40,0.04,0.06,2.50,1.90,,,1.29,1.17,0.32,0.35,2.61,,,1.65,1.51,1.19,1.17,0.73,,,0.78,0.77,0.27,0.30,68.60,13.80,22.80,42.80,12.30,18.40,,,,,,,,,,,
Meade,Meade,37.13479,-100.39568,41,1,5,6/18/2019 0:00,27.0,1.1,,,,sandy loam,1.55,2.84,0.45,0.37,0.15,0.37,0.36,0.36,0.26,0.26,0.12,0.11,0.01,0.38,0.05,0.06,1.34,1.72,,,1.56,1.54,1.24,0.53,2.89,,,1.93,2.06,1.93,1.32,0.59,,,0.81,0.75,0.64,0.40,,,,,,,0.13,1.2,1540.4,191.2,18.8,2.0,8.0,6.4,7.1,373.0,
Meade,Meade,37.13479,-100.39568,42,1,10,6/18/2019 0:00,85.6,3.6,,,,sandy loam,1.58,2.69,0.41,0.37,0.10,0.37,0.33,0.32,0.19,0.21,0.09,0.08,0.01,0.37,0.07,0.11,1.50,1.81,,,1.57,1.57,1.08,0.48,3.24,,,1.74,1.88,0.99,0.85,0.56,,,0.90,0.84,1.09,0.57,,,,,,,0.10,0.8,1284.0,127.5,13.7,1.4,11.4,7.0,7.3,235.5,
Meade,Meade,37.13479,-100.39568,43,1,20,6/18/2019 0:00,49.3,2.1,,,,sandy loam,1.66,2.66,0.38,0.35,0.13,0.35,0.35,0.35,0.18,0.18,0.10,0.07,0.01,0.36,0.11,0.05,2.36,2.04,,,1.56,1.51,1.01,0.55,2.75,,,1.75,1.77,1.59,1.35,0.74,,,0.89,0.85,0.64,0.41,,,,,,,0.07,0.7,3333.6,106.4,20.5,1.2,6.9,7.8,7.5,251.9,
Meade,Meade,37.13479,-100.39568,44,1,50,6/18/2019 0:00,0.1,0.0,,,,sandy clay loam,1.65,2.67,0.38,0.34,0.23,0.33,0.33,0.33,0.29,0.27,0.17,0.12,0.02,0.34,0.04,0.05,1.18,2.09,,,1.96,1.90,1.21,0.68,2.78,,,1.97,2.29,2.08,1.64,0.75,,,0.99,0.80,0.58,0.41,,,,,,,0.06,2.2,4114.1,243.8,316.3,1.2,1.5,8.8,7.6,473.0,
Meade,Meade,37.13479,-100.39568,45,2,5,6/18/2019 0:00,17.4,0.7,53,13,35,sandy loam,1.55,2.68,0.42,0.40,0.15,0.40,0.39,0.39,0.27,0.26,0.11,0.13,0.04,0.41,0.06,0.06,1.42,1.66,,,1.54,1.58,1.20,0.57,2.83,,,1.89,1.96,1.65,1.21,0.59,,,0.82,0.81,0.73,0.47,53.70,8.20,14.80,30.70,5.80,8.90,,,,,,,,,,,
Meade,Meade,37.13479,-100.39568,46,2,10,6/18/2019 0:00,46.7,1.9,57,11,32,sandy loam,1.61,2.69,0.40,0.38,0.12,0.38,0.37,0.36,0.21,0.22,0.09,0.10,0.03,0.39,0.07,0.07,1.58,1.96,,,1.54,1.65,1.18,0.46,2.74,,,1.94,1.81,1.50,1.35,0.72,,,0.79,0.91,0.78,0.34,51.20,7.20,13.40,31.70,5.10,8.50,,,,,,,,,,,
Meade,Meade,37.13479,-100.39568,47,2,20,6/18/2019 0:00,60.2,2.5,63,13,25,sandy loam,1.55,2.62,0.41,0.38,0.13,0.38,0.35,0.34,0.20,0.20,0.09,0.10,0.03,0.38,0.08,0.09,1.62,1.92,,,1.53,1.53,1.13,0.55,2.61,,,1.83,1.72,1.56,1.17,0.74,,,0.84,0.89,0.73,0.47,53.20,8.20,14.60,31.80,5.20,8.70,,,,,,,,,,,
Meade,Meade,37.13479,-100.39568,48,2,50,6/18/2019 0:00,0.8,0.0,48,25,27,sandy clay loam,1.44,2.63,0.45,0.44,0.26,0.41,0.39,0.39,0.37,0.36,0.15,0.17,0.04,0.41,0.01,0.02,1.32,1.70,,,1.80,1.76,1.72,0.70,3.02,,,2.74,2.54,1.84,1.98,0.56,,,0.66,0.69,0.93,0.35,65.10,7.10,14.80,41.10,7.10,12.40,,,,,,,,,,,sample not saturated after a week in CaCl2 solution but sample evently  got slighty swollen about 5mm
Satanta,Seward,37.30529,-100.88714,49,1,5,6/18/2019 0:00,487.4,20.3,,,,clay loam,1.13,2.70,0.58,0.51,0.20,0.44,0.37,0.36,0.32,0.29,0.17,0.14,0.01,0.51,0.01,1.00,1.15,1.19,,,1.14,1.08,0.63,0.31,3.17,,,2.27,2.32,1.90,1.08,0.38,,,0.50,0.47,0.33,0.28,,,,,,,0.11,1.6,4978.9,339.9,26.8,2.0,50.8,7.9,7.4,869.2,
Satanta,Seward,37.30529,-100.88714,50,1,10,6/18/2019 0:00,7.4,0.3,,,,loam,1.46,2.71,0.46,0.42,0.22,0.40,0.39,0.39,0.30,0.28,0.20,0.13,0.01,0.41,0.18,0.07,1.55,1.42,,,1.50,1.38,1.20,0.44,2.68,,,2.08,2.27,1.56,1.26,0.53,,,0.72,0.61,0.77,0.35,,,,,,,0.12,1.2,4035.1,278.3,20.7,2.1,50.6,7.8,7.4,756.9,
Satanta,Seward,37.30529,-100.88714,51,1,20,6/18/2019 0:00,2.6,0.1,,,,clay loam,1.55,2.54,0.39,0.37,0.25,0.34,0.33,0.33,0.28,0.27,0.20,0.13,0.01,0.37,0.01,0.37,1.10,1.57,,,1.43,1.42,1.22,0.63,2.77,,,1.58,2.02,1.68,1.34,0.57,,,0.90,0.70,0.73,0.47,,,,,,,0.09,0.8,2807.1,268.9,21.8,1.7,27.4,7.7,7.3,567.6,
Satanta,Seward,37.30529,-100.88714,52,1,50,6/18/2019 0:00,0.7,0.0,,,,clay loam,1.44,2.67,0.46,0.37,0.29,0.35,0.34,0.34,0.32,0.30,0.22,0.15,0.01,0.36,0.01,0.07,1.11,1.44,,,1.28,1.41,1.27,,2.77,,,2.72,2.51,1.99,,0.52,,,0.47,0.56,0.64,,,,,,,,0.09,1.0,3884.8,366.3,31.5,2.1,18.2,7.1,7.1,275.0,
Satanta,Seward,37.30529,-100.88714,53,2,5,6/18/2019 0:00,146.8,6.1,22,35,43,clay loam,1.21,2.67,0.54,0.50,0.23,0.47,0.41,0.41,0.33,0.32,0.17,0.17,0.05,0.50,0.01,0.32,1.17,1.21,,,1.04,1.11,0.72,0.41,2.89,,,2.06,2.26,2.05,1.36,0.42,,,0.50,0.49,0.35,0.30,58.20,6.90,14.70,34.10,7.00,12.30,,,,,,,,,,,
Satanta,Seward,37.30529,-100.88714,54,2,10,6/18/2019 0:00,17.8,0.7,35,24,41,loam,1.45,2.72,0.47,0.44,0.26,0.43,0.41,0.40,0.32,0.32,0.16,0.16,0.05,0.43,0.01,0.08,1.21,1.44,,,1.34,1.41,1.12,0.57,2.79,,,2.15,2.03,1.51,1.16,0.52,,,0.63,0.69,0.74,0.49,50.30,7.10,14.20,30.50,6.10,10.80,,,,,,,,,,,
Satanta,Seward,37.30529,-100.88714,55,2,20,6/18/2019 0:00,1.9,0.1,34,28,38,clay loam,1.48,2.66,0.44,0.41,0.30,0.39,0.37,0.37,0.32,0.31,0.18,0.16,0.05,0.40,0.01,0.06,1.18,1.57,,,1.49,0.83,0.62,0.38,2.86,,,2.16,1.55,1.02,0.78,0.55,,,0.69,0.54,0.60,0.48,51.80,7.20,14.20,27.20,5.50,9.00,,,,,,,,,,,
Satanta,Seward,37.30529,-100.88714,56,2,50,6/18/2019 0:00,0.6,0.0,23,32,45,clay loam,1.57,2.68,0.41,0.38,0.34,0.37,0.37,0.37,0.34,0.35,0.22,0.19,0.05,0.38,0.01,0.01,1.18,1.58,,,1.53,1.51,1.31,,2.78,,,2.53,2.41,2.01,,0.57,,,0.61,0.63,0.65,,48.60,6.20,12.40,26.10,5.60,8.40,,,,,,,,,,,
Richfield,Morton,37.25868,-101.79224,57,1,5,6/18/2019 0:00,3.7,0.2,,,,clay loam,1.51,2.63,0.43,0.39,0.33,0.39,0.39,0.39,0.36,0.34,0.23,0.16,0.01,0.39,0.12,0.02,1.26,1.42,,,1.34,1.34,1.05,,3.44,,,2.58,2.02,2.06,,0.41,,,0.52,0.67,0.51,,,,,,,,0.16,1.7,3836.4,267.2,24.0,3.0,73.6,7.9,7.4,850.3,
Richfield,Morton,37.25868,-101.79224,58,1,10,6/18/2019 0:00,23.0,1.0,,,,clay loam,1.43,2.68,0.47,0.42,0.29,0.41,0.39,0.39,0.33,0.32,0.22,0.15,0.01,0.42,0.03,0.13,1.14,1.34,,,1.21,1.17,1.15,,3.09,,,2.01,2.07,2.26,,0.43,,,0.61,0.56,0.51,,,,,,,,0.11,1.2,4395.6,240.8,23.2,2.3,40.8,7.8,7.4,767.3,
Richfield,Morton,37.25868,-101.79224,59,1,20,6/18/2019 0:00,14.4,0.6,,,,clay loam,1.45,2.62,0.45,0.40,0.24,0.40,0.38,0.37,0.31,0.29,0.20,0.14,0.01,0.40,0.16,0.10,1.35,1.38,,,1.25,1.15,0.94,,2.94,,,2.13,2.29,2.04,,0.47,,,0.59,0.50,0.46,,,,,,,,0.09,0.9,4094.6,254.8,22.2,2.0,12.8,8.1,7.4,613.0,
Richfield,Morton,37.25868,-101.79224,60,1,50,6/18/2019 0:00,,,,,,clay loam,,2.65,,,,,,,,,,,,,,,,,,,,,,,,,,,,,,,,,,,,,,,,,,,0.07,1.6,5604.1,430.0,15.9,1.7,11.6,8.0,7.4,492.7,very hard soil so unable to collect core sample
Richfield,Morton,37.25868,-101.79224,61,2,5,6/18/2019 0:00,0.5,0.0,21,29,49,clay loam,1.48,2.64,0.44,0.42,0.34,0.42,0.41,0.41,0.35,0.36,0.21,0.18,0.05,0.42,0.01,0.03,1.18,1.34,,,1.35,1.35,0.95,,2.84,,,2.69,2.48,1.90,,0.47,,,0.50,0.55,0.50,,54.90,7.00,14.50,31.80,6.10,10.40,,,,,,,,,,,
Richfield,Morton,37.25868,-101.79224,62,2,10,6/18/2019 0:00,,,24,30,46,clay loam,,2.61,,,,,,,,,,,,,,,,,,,,,,,,,,,,,,,,,,,,,51.80,6.70,14.10,31.10,5.60,10.00,,,,,,,,,,,very hard soil so unable to collect core sample
Richfield,Morton,37.25868,-101.79224,63,2,20,6/18/2019 0:00,,,25,33,43,clay loam,,2.64,,,,,,,,,,,,,,,,,,,,,,,,,,,,,,,,,,,,,48.70,6.40,13.30,33.40,6.50,12.00,,,,,,,,,,,very hard soil so unable to collect core sample
Richfield,Morton,37.25868,-101.79224,64,2,50,6/18/2019 0:00,,,26,39,35,clay loam,,2.70,,,,,,,,,,,,,,,,,,,,,,,,,,,,,,,,,,,,,60.80,7.50,16.00,36.30,7.20,13.60,,,,,,,,,,,very hard soil so unable to collect core sample
Moscow 10NW,Stevens,37.37295,-101.37653,65,1,5,6/18/2019 0:00,265.9,11.1,,,,loam,1.33,2.70,0.51,0.48,0.18,0.45,0.38,0.37,0.28,0.27,0.16,0.12,0.01,0.49,0.04,0.48,1.20,1.31,,,1.22,1.19,0.76,0.40,2.78,,,2.30,2.00,1.72,1.18,0.47,,,0.53,0.60,0.44,0.34,,,,,,,0.12,1.5,4731.5,215.5,16.1,2.4,22.4,8.1,7.5,605.3,
Moscow 10NW,Stevens,37.37295,-101.37653,66,1,10,6/18/2019 0:00,94.2,3.9,,,,loam,1.53,2.71,0.44,0.40,0.19,0.40,0.37,0.36,0.29,0.27,0.18,0.13,0.01,0.41,0.12,0.15,1.28,1.51,,,1.52,1.48,,,2.71,,,2.25,2.13,,,0.56,,,0.68,0.70,,,,,,,,,0.07,1.1,4843.9,195.6,15.6,1.6,10.2,8.0,7.4,523.6,
Moscow 10NW,Stevens,37.37295,-101.37653,67,1,20,6/18/2019 0:00,12.2,0.5,,,,loam,1.55,2.70,0.43,0.38,0.18,0.37,0.35,0.34,0.25,0.24,0.14,0.10,0.01,0.38,0.09,0.12,1.34,1.71,,,1.63,1.55,1.15,0.63,2.65,,,2.24,2.22,1.66,1.30,0.65,,,0.73,0.70,0.69,0.49,,,,,,,0.06,0.8,4402.3,188.9,14.8,1.3,6.9,8.3,7.5,399.7,
Moscow 10NW,Stevens,37.37295,-101.37653,68,1,50,6/18/2019 0:00,1.5,0.1,,,,silty clay loam,1.47,2.72,0.46,0.43,0.35,0.43,0.42,0.42,0.39,0.38,0.27,0.16,0.02,0.43,0.02,0.03,1.13,1.27,,,1.33,1.33,0.95,0.50,2.88,,,2.56,2.24,1.76,1.93,0.44,,,0.52,0.59,0.54,0.26,,,,,,,0.03,1.3,5592.1,632.1,31.7,1.2,25.6,8.1,7.5,381.7,
Moscow 10NW,Stevens,37.37295,-101.37653,69,2,5,6/18/2019 0:00,64.9,2.7,33,25,41,loam,1.41,2.68,0.47,0.45,0.25,0.44,0.40,0.39,0.31,0.30,0.17,0.13,0.02,0.45,0.01,0.19,1.17,1.51,,,1.43,1.43,,,2.20,,,2.21,2.18,,,0.69,,,0.65,0.66,,,58.00,6.60,14.00,35.10,6.30,11.90,,,,,,,,,,,
Moscow 10NW,Stevens,37.37295,-101.37653,70,2,10,6/18/2019 0:00,15.0,0.6,35,27,39,loam,1.52,2.72,0.44,0.40,0.21,0.40,0.37,0.36,0.31,0.29,0.19,0.14,0.02,0.41,0.02,0.17,1.15,1.63,,,1.61,1.59,,,2.81,,,2.50,2.35,,,0.58,,,0.65,0.68,,,59.10,6.60,14.40,31.60,5.80,11.40,,,,,,,,,,,
Moscow 10NW,Stevens,37.37295,-101.37653,71,2,20,6/18/2019 0:00,6.7,0.3,39,25,36,loam,1.54,2.70,0.43,0.39,0.22,0.38,0.36,0.36,0.28,0.27,0.17,0.13,0.02,0.39,0.09,0.11,1.27,1.61,,,1.48,1.39,,,2.90,,,2.16,2.24,,,0.55,,,0.69,0.62,,,59.00,7.20,14.90,33.70,6.40,11.40,,,,,,,,,,,
Moscow 10NW,Stevens,37.37295,-101.37653,72,2,50,6/18/2019 0:00,521.4,21.7,16,31,54,silty clay loam,1.22,2.61,0.53,0.52,0.26,0.46,0.42,0.41,0.34,0.35,0.18,0.13,0.02,0.52,0.01,0.56,1.14,1.21,,,0.90,1.14,,,2.89,,,2.22,2.50,,,0.42,,,0.41,0.46,,,61.30,7.40,17.40,38.90,7.10,14.50,,,,,,,,,,,
Lakin,Kearny,37.89368,-101.23321,73,1,5,6/19/2019 0:00,4.7,0.2,,,,sandy loam,1.77,2.72,0.35,0.31,0.24,0.30,0.28,0.28,0.23,0.22,0.12,0.09,0.01,0.31,0.01,0.12,1.18,1.80,,,1.95,1.91,1.41,0.78,2.77,,,2.36,2.20,1.67,1.41,0.65,,,0.83,0.87,0.84,0.55,,,,,,,0.06,0.8,2380.8,167.4,13.5,1.5,93.2,7.9,7.5,289.6,
Lakin,Kearny,37.89368,-101.23321,74,1,10,6/19/2019 0:00,5.2,0.2,,,,sandy loam,1.84,2.66,0.31,0.30,0.22,0.28,0.27,0.27,0.21,0.21,0.10,0.07,0.01,0.29,0.01,0.07,1.24,2.07,,,1.97,1.94,,,3.06,,,2.51,2.73,,,0.68,,,0.79,0.71,,,,,,,,,0.03,0.5,2049.6,129.7,14.3,1.0,33.8,8.2,7.6,247.1,
Lakin,Kearny,37.89368,-101.23321,75,1,20,6/19/2019 0:00,17.9,0.7,,,,sandy loam,1.77,2.64,0.33,0.31,0.22,0.28,0.27,0.26,0.20,0.20,0.09,0.07,0.01,0.30,0.01,0.13,1.23,2.02,,,1.85,1.98,,,2.57,,,2.37,2.33,,,0.79,,,0.78,0.85,,,,,,,,,0.03,0.5,1756.2,116.6,14.8,1.2,8.4,7.9,7.5,199.2,
Lakin,Kearny,37.89368,-101.23321,76,1,50,6/19/2019 0:00,28.4,1.2,,,,sandy loam,1.74,2.69,0.35,0.30,0.17,0.27,0.23,0.22,0.19,0.19,0.07,0.05,0.01,0.29,0.01,0.40,1.19,2.01,,,1.76,1.60,0.78,0.56,2.61,,,2.54,2.27,1.66,1.49,0.77,,,0.69,0.71,0.47,0.37,,,,,,,0.01,0.8,3908.8,87.2,14.6,0.8,3.6,8.4,7.6,62.5,
Lakin,Kearny,37.89368,-101.23321,77,2,5,6/19/2019 0:00,134.4,5.6,64,15,21,sandy loam,1.63,2.65,0.38,0.34,0.27,0.33,0.29,0.29,0.25,0.23,0.10,0.08,0.01,0.33,0.01,0.07,1.25,1.69,,,1.51,1.38,,,2.85,,,2.13,2.05,,,0.59,,,0.71,0.68,,,54.10,7.00,14.40,32.60,5.10,9.90,,,,,,,,,,,
Lakin,Kearny,37.89368,-101.23321,78,2,10,6/19/2019 0:00,41.2,1.7,66,13,21,sandy loam,1.78,2.69,0.34,0.30,0.21,0.29,0.26,0.25,0.21,0.20,0.09,0.07,0.01,0.30,0.01,0.14,1.21,2.00,,,2.08,1.82,,,2.90,,,2.13,2.06,,,0.69,,,0.98,0.88,,,50.40,6.60,14.60,31.40,5.00,8.80,,,,,,,,,,,
Lakin,Kearny,37.89368,-101.23321,79,2,20,6/19/2019 0:00,20.8,0.9,65,18,17,sandy loam,1.71,2.75,0.38,0.31,0.21,0.31,0.28,0.27,0.20,0.19,0.09,0.07,0.01,0.32,0.01,0.16,1.23,1.93,,,1.70,1.59,,,2.90,,,2.21,1.95,,,0.67,,,0.77,0.82,,,48.70,6.70,13.20,33.50,5.00,9.40,,,,,,,,,,,
Lakin,Kearny,37.89368,-101.23321,80,2,50,6/19/2019 0:00,90.0,3.7,79,10,11,sandy loam,1.69,2.68,0.37,0.31,0.17,0.29,0.23,0.22,0.19,0.20,0.08,0.04,0.01,0.32,0.01,0.67,1.18,2.05,,,1.78,1.74,0.62,0.41,2.73,,,2.05,2.18,1.41,1.29,0.75,,,0.87,0.80,0.44,0.31,55.40,6.00,14.80,39.40,5.70,11.80,,,,,,,,,,,
Garden City,Finney,37.99854,-100.81519,81,1,5,6/19/2019 0:00,593.2,24.7,,,,silt loam,1.32,2.46,0.46,0.45,0.16,0.44,0.42,0.41,0.30,0.28,0.20,0.13,0.01,0.45,0.19,0.08,1.71,1.37,,,1.31,1.14,0.86,0.46,2.81,,,2.48,2.17,1.81,1.28,0.49,,,0.53,0.53,0.48,0.36,,,,,,,0.13,1.6,2832.8,263.7,19.3,2.9,6.9,7.0,7.2,612.6,roots and macropores
Garden City,Finney,37.99854,-100.81519,82,1,10,6/19/2019 0:00,121.5,5.1,,,,loam,1.35,2.72,0.50,0.45,0.16,0.45,0.40,0.39,0.28,0.27,0.19,0.12,0.01,0.45,0.17,0.14,1.50,1.30,,,1.17,1.16,,,3.09,,,2.33,2.00,,,0.42,,,0.50,0.58,,,,,,,,,0.11,1.3,2970.6,223.3,18.0,2.4,11.0,7.5,7.3,533.3,
Garden City,Finney,37.99854,-100.81519,83,1,20,6/19/2019 0:00,277.3,11.6,,,,silt loam,1.28,2.70,0.53,0.47,0.16,0.45,0.38,0.38,0.31,0.29,0.18,0.10,0.01,0.48,0.02,0.50,1.15,1.29,,,0.99,,,,3.12,,,2.15,,,,0.41,,,0.46,,,,,,,,,,0.09,1.5,4959.9,206.0,15.3,2.1,6.0,7.8,7.4,432.6,
Garden City,Finney,37.99854,-100.81519,84,1,50,6/19/2019 0:00,73.6,3.1,,,,silty clay loam,1.27,2.69,0.53,0.50,0.18,0.49,0.43,0.42,0.31,0.29,0.20,0.12,0.02,0.50,0.16,0.16,1.41,1.27,,,1.05,0.97,,,3.04,,,2.28,2.03,,,0.42,,,0.46,0.48,,,,,,,,,0.04,2.0,4907.0,482.9,16.8,1.4,7.2,8.3,7.6,431.7,
Garden City,Finney,37.99854,-100.81519,85,2,5,6/19/2019 0:00,74.2,3.1,26,23,51,silt loam,1.33,2.66,0.50,0.45,0.18,0.46,0.44,0.43,0.31,0.30,0.19,0.14,0.02,0.46,0.18,0.07,1.64,1.32,,,1.28,,,,2.57,,,2.41,,,,0.52,,,0.53,,,,51.60,6.50,13.90,29.60,5.90,10.60,,,,,,,,,,,
Garden City,Finney,37.99854,-100.81519,86,2,10,6/19/2019 0:00,95.1,4.0,26,24,50,loam,1.35,2.64,0.49,0.45,0.16,0.46,0.43,0.43,0.32,0.30,0.16,0.13,0.02,0.46,0.12,0.06,1.45,1.33,,,1.23,1.17,0.81,0.40,2.83,,,2.37,2.05,1.56,1.19,0.47,,,0.52,0.57,0.52,0.33,53.80,6.70,13.90,31.60,5.20,9.70,,,,,,,,,,,
Garden City,Finney,37.99854,-100.81519,87,2,20,6/19/2019 0:00,244.3,10.2,26,24,50,silt loam,1.25,2.23,0.44,0.47,0.17,0.47,0.40,0.40,0.28,0.28,0.17,0.12,0.02,0.47,0.14,0.18,1.38,1.32,,,1.00,,,,2.66,,,2.15,,,,0.50,,,0.47,,,,49.90,6.00,13.30,33.80,5.80,10.90,,,,,,,,,,,
Garden City,Finney,37.99854,-100.81519,88,2,50,6/19/2019 0:00,60.2,2.5,15,33,52,silty clay loam,1.36,2.66,0.49,0.48,0.20,0.49,0.45,0.44,0.33,0.28,0.23,0.12,0.02,0.48,0.22,0.07,1.92,1.36,,,1.12,1.05,0.71,0.44,2.72,,,2.33,2.10,1.51,1.22,0.50,,,0.48,0.50,0.47,0.36,62.20,6.80,17.20,41.10,7.00,15.70,,,,,,,,,,,
Spearville,Ford,37.90244,-99.86962,89,1,5,6/19/2019 0:00,12.7,0.5,,,,silt loam,1.47,2.79,0.47,0.40,0.27,0.40,0.39,0.38,0.32,0.31,0.21,0.13,0.01,0.41,0.14,0.09,1.27,1.48,,,1.28,,,,2.51,,,2.48,,,,0.59,,,0.52,,,,,,,,,,0.14,1.7,2344.6,231.7,20.0,2.8,95.0,6.1,6.7,689.2,
Spearville,Ford,37.90244,-99.86962,90,1,10,6/19/2019 0:00,15.2,0.6,,,,silt loam,1.42,2.61,0.46,0.42,0.19,0.44,0.41,0.40,0.34,0.32,0.22,0.14,0.01,0.43,0.18,0.08,1.35,1.41,,,1.26,1.22,0.91,0.46,2.43,,,2.53,2.29,1.76,1.40,0.58,,,0.50,0.53,0.51,0.33,,,,,,,0.13,1.8,2516.2,262.7,19.1,3.0,78.6,6.7,7.0,764.2,
Spearville,Ford,37.90244,-99.86962,91,1,20,6/19/2019 0:00,765.9,31.9,,,,silt loam,1.26,2.62,0.52,0.48,0.17,0.48,0.41,0.40,0.33,0.32,0.20,0.13,0.01,0.49,0.07,0.34,1.18,1.18,,,0.99,,,,2.60,,,2.21,,,,0.45,,,0.45,,,,,,,,,,0.12,1.7,3041.1,303.0,21.7,3.0,62.0,6.9,7.0,828.0,roots
Spearville,Ford,37.90244,-99.86962,92,1,50,6/19/2019 0:00,25.9,1.1,,,,silty clay loam,1.49,2.70,0.45,0.41,0.22,0.43,0.40,0.39,0.35,0.34,0.25,0.14,0.02,0.42,0.07,0.12,1.13,1.31,,,1.30,1.26,1.01,0.41,2.90,,,2.65,2.47,1.84,1.55,0.45,,,0.49,0.51,0.55,0.27,,,,,,,0.07,1.1,3818.8,354.4,21.4,2.0,37.4,7.6,7.3,718.1,
Spearville,Ford,37.90244,-99.86962,93,2,5,6/19/2019 0:00,27.0,1.1,16,27,57,silt loam,1.38,2.62,0.47,0.43,0.29,0.44,0.41,0.40,0.34,0.33,0.18,0.14,0.02,0.44,0.01,0.07,1.20,1.27,,,1.32,,,,2.51,,,2.45,,,,0.50,,,0.54,,,,44.90,6.50,12.40,27.70,5.50,9.10,,,,,,,,,,,
Spearville,Ford,37.90244,-99.86962,94,2,10,6/19/2019 0:00,87.7,3.7,13,25,61,silt loam,1.26,2.64,0.52,0.48,0.18,0.48,0.41,0.41,0.34,0.33,0.17,0.14,0.02,0.49,0.01,0.21,1.17,1.22,,,1.05,1.07,0.79,0.29,2.58,,,2.29,2.12,1.68,1.13,0.47,,,0.46,0.50,0.47,0.26,44.20,6.00,11.70,25.20,4.80,8.20,,,,,,,,,,,
Spearville,Ford,37.90244,-99.86962,95,2,20,6/19/2019 0:00,291.6,12.1,14,27,59,silt loam,1.23,2.63,0.53,0.49,0.19,0.46,0.40,0.39,0.34,0.32,0.17,0.14,0.02,0.49,0.01,0.43,1.15,1.23,,,1.04,,,,2.72,,,2.32,,,,0.45,,,0.45,,,,41.90,5.10,10.50,24.00,4.60,7.60,,,,,,,,,,,
Spearville,Ford,37.90244,-99.86962,96,2,50,6/19/2019 0:00,91.0,3.8,10,35,55,silty clay loam,1.37,2.69,0.49,0.46,0.23,0.45,0.40,0.40,0.35,0.33,0.23,0.15,0.03,0.46,0.01,0.36,1.11,1.25,,,1.17,1.13,0.75,0.44,2.89,,,2.49,2.50,1.81,1.34,0.43,,,0.47,0.45,0.41,0.33,47.50,5.80,11.40,28.40,5.30,9.00,,,,,,,,,,,
Hodgeman,Hodgeman,38.10062,-99.90163,97,1,5,6/19/2019 0:00,9.1,0.4,,,,silt loam,1.34,2.66,0.50,0.43,0.38,0.43,0.44,0.44,0.38,0.34,0.17,0.13,0.01,0.44,0.14,0.02,1.59,1.34,,,1.38,,,,2.66,,,2.57,,,,0.50,,,0.54,,,,,,,,,,0.15,1.9,2327.3,317.2,15.7,3.0,3.4,6.8,7.0,615.1,
Hodgeman,Hodgeman,38.10062,-99.90163,98,1,10,6/19/2019 0:00,1499.6,62.5,,,,silty clay loam,1.38,2.64,0.48,0.44,0.36,0.43,0.41,0.41,0.35,0.33,0.19,0.13,0.02,0.44,0.01,0.06,1.19,1.32,,,1.31,1.26,0.81,0.48,2.51,,,2.49,2.41,2.29,1.63,0.53,,,0.53,0.52,0.35,0.30,,,,,,,0.14,1.4,2675.7,402.5,21.4,2.5,1.7,6.7,7.0,435.0,macropores cracks and roots
Hodgeman,Hodgeman,38.10062,-99.90163,99,1,20,6/19/2019 0:00,0.4,0.0,,,,silty clay loam,1.40,2.68,0.48,0.43,0.36,0.42,0.41,0.41,0.37,0.36,0.24,0.15,0.02,0.42,0.01,0.04,1.14,1.33,,,1.32,,,,2.69,,,2.75,,,,0.49,,,0.48,,,,,,,,,,0.09,1.2,3102.3,533.2,28.8,2.3,1.1,7.1,7.1,492.1,
Hodgeman,Hodgeman,38.10062,-99.90163,100,1,50,6/19/2019 0:00,0.3,0.0,,,,silty clay,1.62,2.75,0.41,0.38,0.34,0.38,0.38,0.38,0.38,0.37,0.32,0.17,0.02,0.38,0.22,0.01,1.16,1.42,,,1.46,1.42,1.04,0.74,2.60,,,2.75,2.61,2.84,2.03,0.55,,,0.53,0.54,0.37,0.37,,,,,,,0.07,0.7,5087.8,752.1,75.5,1.3,3.4,7.9,7.4,611.7,impermeable soil sample that did not saturate after a week in permeameter  and the surface of the sample still appeared dry
Hodgeman,Hodgeman,38.10062,-99.90163,101,2,5,6/19/2019 0:00,0.7,0.0,14,24,62,silt loam,1.35,2.63,0.49,0.45,0.40,0.44,0.45,0.45,0.38,0.35,0.15,0.14,0.02,0.45,0.02,0.02,1.33,1.32,,,1.31,,,,2.58,,,2.52,,,,0.51,,,0.52,,,,48.90,6.80,13.50,31.40,6.60,11.30,,,,,,,,,,,
Hodgeman,Hodgeman,38.10062,-99.90163,102,2,10,6/19/2019 0:00,186.8,7.8,13,28,59,silty clay loam,1.29,2.64,0.51,0.46,0.36,0.44,0.41,0.40,0.35,0.35,0.18,0.14,0.02,0.44,0.01,0.07,1.19,1.27,,,1.22,1.19,0.97,0.44,2.58,,,2.40,2.30,1.59,1.60,0.49,,,0.51,0.52,0.61,0.28,52.80,7.00,14.30,27.80,5.90,9.60,,,,,,,,,,,macropores cracks and roots
Hodgeman,Hodgeman,38.10062,-99.90163,103,2,20,6/19/2019 0:00,0.6,0.0,12,37,51,silty clay loam,1.36,2.74,0.50,0.47,0.37,0.43,0.43,0.43,0.39,0.38,0.23,0.23,0.03,0.45,0.01,0.03,1.17,1.20,,,1.28,1.25,,,2.99,,,2.35,1.94,,,0.40,,,0.55,0.64,,,50.80,7.10,14.60,29.60,6.50,10.90,,,,,,,,,,,
Hodgeman,Hodgeman,38.10062,-99.90163,104,2,50,6/19/2019 0:00,0.3,0.0,7,42,50,silty clay,1.55,2.72,0.43,0.41,0.35,0.41,0.41,0.41,0.40,0.39,0.36,0.19,0.04,0.41,0.23,0.04,1.08,1.36,,,1.41,1.39,1.01,0.73,2.52,,,2.69,2.58,2.61,1.98,0.54,,,0.52,0.54,0.39,0.37,61.10,6.60,16.60,39.30,6.70,14.90,,,,,,,,,,,impermeable soil sample that did not saturate after a week in permeameter  and the surface of the sample still appeared dry
Lane,Lane,38.50886,-100.61475,105,1,5,6/19/2019 0:00,758.7,31.6,,,,silty clay loam,1.13,2.76,0.59,0.52,0.21,0.42,0.36,0.36,0.32,0.32,0.23,0.16,0.02,0.51,0.22,1.00,1.32,1.12,,,0.93,0.87,,,2.98,,,2.24,2.14,,,0.38,,,0.41,0.41,,,,,,,,,0.08,1.0,3492.3,454.8,21.3,2.0,25.4,7.0,7.0,622.1,cracks roots and space between sample and sample ring
Lane,Lane,38.50886,-100.61475,106,1,10,6/19/2019 0:00,39.7,1.7,,,,silty clay,1.36,2.69,0.50,0.49,0.28,0.44,0.42,0.42,0.38,0.37,0.33,0.21,0.02,0.48,0.25,1.00,1.16,1.28,,,1.18,1.12,,,2.75,,,2.49,2.37,,,0.46,,,0.47,0.47,,,,,,,,,0.09,0.8,3977.8,738.7,29.6,2.0,5.8,6.9,7.0,721.2,
Lane,Lane,38.50886,-100.61475,107,1,20,6/19/2019 0:00,0.3,0.0,,,,silty clay,1.47,2.71,0.46,0.41,0.31,0.41,0.40,0.40,0.38,0.37,0.34,0.21,0.02,0.41,0.25,0.19,1.12,1.32,,,1.24,1.21,1.09,0.44,2.75,,,2.26,2.36,2.25,1.66,0.48,,,0.55,0.52,0.49,0.26,,,,,,,0.07,0.8,3874.4,764.9,29.1,2.0,4.4,7.5,7.2,644.5,
Lane,Lane,38.50886,-100.61475,108,1,50,6/19/2019 0:00,0.8,0.0,,,,silt loam,1.37,2.68,0.49,0.52,0.34,0.45,0.43,0.43,0.39,0.37,0.27,0.16,0.01,0.51,0.01,1.00,1.09,1.12,,,1.23,1.18,0.84,0.31,2.89,,,2.31,2.35,1.81,1.31,0.39,,,0.53,0.50,0.46,0.24,,,,,,,0.05,2.2,5085.9,670.2,32.0,1.3,34.6,8.1,7.5,515.0,partially  filled with soil and looked compacted
Lane,Lane,38.50886,-100.61475,109,2,5,6/19/2019 0:00,2766.9,115.3,14,31,56,silty clay loam,1.19,2.47,0.52,0.52,0.17,0.44,0.38,0.38,0.34,0.33,0.18,0.15,0.03,0.51,0.01,1.00,1.13,1.13,,,0.94,0.94,,,2.58,,,2.01,2.08,,,0.44,,,0.47,0.45,,,50.90,5.90,12.60,29.30,5.40,9.40,,,,,,,,,,,roots and macropores
Lane,Lane,38.50886,-100.61475,110,2,10,6/19/2019 0:00,112.0,4.7,10,48,42,silty clay,1.29,2.68,0.52,0.49,0.31,0.45,0.43,0.43,0.39,0.38,0.32,0.24,0.04,0.49,0.18,1.00,1.11,1.21,,,1.16,1.14,1.11,0.32,2.76,,,2.24,2.18,1.64,1.45,0.44,,,0.52,0.52,0.68,0.22,48.10,5.60,12.40,30.40,6.20,11.20,,,,,,,,,,,
Lane,Lane,38.50886,-100.61475,111,2,20,6/19/2019 0:00,0.3,0.0,10,45,45,silty clay,1.40,2.70,0.48,0.44,0.36,0.44,0.43,0.43,0.41,0.39,0.34,0.24,0.05,0.44,0.22,0.07,1.13,1.30,,,1.22,1.18,,,2.62,,,2.00,2.20,,,0.50,,,0.61,0.54,,,51.80,6.20,14.20,34.00,5.80,11.40,,,,,,,,,,,
Lane,Lane,38.50886,-100.61475,112,2,50,6/19/2019 0:00,0.3,0.0,11,27,62,silt loam,1.37,2.74,0.50,0.44,0.36,0.43,0.43,0.43,0.41,0.40,0.29,0.20,0.03,0.44,0.06,0.02,1.14,1.34,,,1.26,1.25,,,2.73,,,2.33,2.22,,,0.49,,,0.54,0.56,,,65.00,5.40,15.70,42.00,5.70,13.90,,,,,,,,,,,
Leoti,Wichita,38.48332,-101.32774,113,1,5,6/20/2019 0:00,9.0,0.4,,,,silt loam,1.41,2.74,0.48,0.46,0.17,0.45,0.44,0.44,0.34,0.32,0.21,0.16,0.01,0.46,0.19,0.07,1.50,1.24,,,1.14,1.07,,,2.57,,,1.95,2.19,,,0.48,,,0.58,0.49,,,,,,,,,0.14,1.5,3036.9,357.1,21.7,2.7,62.8,8.0,7.4,1122.8,
Leoti,Wichita,38.48332,-101.32774,114,1,10,6/20/2019 0:00,7.4,0.3,,,,silt loam,1.49,2.63,0.43,0.42,0.21,0.42,0.40,0.39,0.33,0.31,0.22,0.16,0.01,0.42,0.16,0.10,1.29,1.35,,,1.18,1.11,0.59,0.34,2.71,,,2.32,2.05,2.11,1.86,0.50,,,0.51,0.54,0.28,0.18,,,,,,,0.11,1.3,3055.0,339.5,20.2,2.4,26.4,7.6,7.3,848.5,
Leoti,Wichita,38.48332,-101.32774,115,1,20,6/20/2019 0:00,32.1,1.3,,,,silty clay loam,1.42,2.58,0.45,0.43,0.21,0.42,0.39,0.39,0.34,0.33,0.27,0.18,0.02,0.44,0.16,0.35,1.15,1.28,,,1.15,,,,2.51,,,2.22,,,,0.51,,,0.52,,,,,,,,,,0.11,1.1,3598.5,488.5,20.5,2.2,13.8,7.9,7.4,633.3,
Leoti,Wichita,38.48332,-101.32774,116,1,50,6/20/2019 0:00,107.2,4.5,,,,silty clay loam,1.37,2.70,0.49,0.47,0.22,0.43,0.39,0.39,0.30,0.31,0.29,0.17,0.02,0.47,0.25,0.59,1.33,1.25,,,1.00,1.01,0.79,0.35,2.73,,,2.01,2.13,2.13,1.29,0.46,,,0.50,0.48,0.37,0.27,,,,,,,0.07,0.8,4907.7,498.0,33.2,1.6,10.0,7.9,7.4,521.7,
Leoti,Wichita,38.48332,-101.32774,117,2,5,6/20/2019 0:00,12.6,0.5,18,26,56,silt loam,1.33,2.58,0.48,0.44,0.19,0.44,0.42,0.42,0.33,0.32,0.22,0.18,0.03,0.44,0.18,0.08,1.39,1.31,,,1.15,,,,2.64,,,2.23,,,,0.50,,,0.52,,,,53.20,6.30,12.60,28.40,5.20,9.30,,,,,,,,,,,
Leoti,Wichita,38.48332,-101.32774,118,2,10,6/20/2019 0:00,33.0,1.4,16,24,59,silt loam,1.36,2.58,0.47,0.44,0.20,0.43,0.39,0.39,0.33,0.32,0.23,0.17,0.03,0.44,0.05,0.37,1.12,1.27,,,1.15,,,,2.62,,,2.14,,,,0.49,,,0.54,,,,44.10,5.50,10.50,27.70,5.00,8.90,,,,,,,,,,,
Leoti,Wichita,38.48332,-101.32774,119,2,20,6/20/2019 0:00,2.8,0.1,14,29,56,silty clay loam,1.50,2.61,0.43,0.43,0.27,0.43,0.42,0.42,0.37,0.35,0.27,0.19,0.04,0.43,0.21,0.06,1.30,1.32,,,1.25,1.22,0.71,0.39,2.69,,,2.18,1.89,2.18,1.66,0.49,,,0.57,0.64,0.33,0.23,53.70,5.90,12.80,28.70,5.30,9.40,,,,,,,,,,,
Leoti,Wichita,38.48332,-101.32774,120,2,50,6/20/2019 0:00,174.7,7.3,12,32,56,silty clay loam,1.32,2.71,0.51,0.50,0.23,0.46,0.43,0.43,0.35,0.33,0.27,0.18,0.04,0.50,0.21,0.37,1.26,1.21,,,1.02,,,,2.52,,,2.10,,,,0.48,,,0.49,,,,54.50,5.80,13.70,36.50,6.10,12.40,,,,,,,,,,,
Tribune,Greeley,38.46613,-101.77518,121,1,5,6/20/2019 0:00,41.0,1.7,,,,clay loam,1.35,2.64,0.49,0.46,0.23,0.47,0.45,0.45,0.35,0.33,0.21,0.18,0.01,0.47,0.19,0.06,1.49,1.25,,,1.05,1.03,0.81,0.29,2.80,,,2.13,2.20,1.66,1.14,0.45,,,0.49,0.47,0.49,0.26,,,,,,,0.14,1.6,2745.6,413.4,17.6,3.0,20.2,6.7,7.1,532.7,
Tribune,Greeley,38.46613,-101.77518,122,1,10,6/20/2019 0:00,34.9,1.5,,,,clay loam,1.46,2.84,0.49,0.43,0.21,0.44,0.41,0.40,0.33,0.31,0.26,0.17,0.01,0.43,0.25,0.09,1.59,1.41,,,1.22,1.21,1.00,0.41,2.52,,,2.11,1.92,1.45,1.39,0.56,,,0.58,0.63,0.69,0.30,,,,,,,0.11,1.1,3542.9,432.5,20.6,2.2,11.2,7.6,7.3,648.0,
Tribune,Greeley,38.46613,-101.77518,123,1,20,6/20/2019 0:00,105.9,4.4,,,,clay loam,1.43,2.76,0.48,0.46,0.21,0.43,0.39,0.39,0.31,0.29,0.28,0.15,0.01,0.46,0.25,0.36,1.43,1.33,,,1.06,1.08,0.79,0.34,2.60,,,1.96,1.88,1.74,1.54,0.51,,,0.54,0.57,0.46,0.22,,,,,,,0.07,1.7,4958.6,441.4,17.3,1.8,14.6,8.0,7.4,603.1,
Tribune,Greeley,38.46613,-101.77518,124,1,50,6/20/2019 0:00,0.4,0.0,,,,silty clay loam,1.87,2.72,0.31,0.45,0.29,0.43,0.42,0.42,0.39,0.37,0.37,0.16,0.02,0.45,0.25,1.00,1.09,1.45,,,1.39,1.37,,,2.46,,,2.43,1.86,,,0.59,,,0.57,0.73,,,,,,,,,0.07,1.5,4623.2,737.5,27.7,1.8,36.4,8.1,7.5,629.4,partially filled wih soil and looked compacted_we cdetermined soil volume by using glass beads to fill the remaining space in ring
Tribune,Greeley,38.46613,-101.77518,125,2,5,6/20/2019 0:00,86.7,3.6,25,28,47,clay loam,1.36,2.74,0.50,0.46,0.25,0.47,0.45,0.44,0.35,0.34,0.22,0.18,0.03,0.47,0.18,0.07,1.43,1.25,,,1.16,1.11,0.87,0.40,2.47,,,2.47,2.17,2.05,1.18,0.51,,,0.47,0.51,0.43,0.34,51.10,6.60,13.80,30.50,6.20,11.20,,,,,,,,,,,
Tribune,Greeley,38.46613,-101.77518,126,2,10,6/20/2019 0:00,169.5,7.1,26,33,41,clay loam,1.41,2.70,0.48,0.47,0.22,0.47,0.44,0.43,0.36,0.35,0.25,0.19,0.03,0.48,0.18,0.14,1.26,1.33,,,1.22,1.15,1.01,0.49,2.61,,,2.35,2.29,2.34,1.37,0.51,,,0.52,0.50,0.43,0.36,51.10,5.90,13.10,34.70,6.40,12.60,,,,,,,,,,,roots
Tribune,Greeley,38.46613,-101.77518,127,2,20,6/20/2019 0:00,92.1,3.8,27,38,34,clay loam,1.35,2.69,0.50,0.46,0.22,0.47,0.42,0.41,0.33,0.32,0.26,0.17,0.03,0.47,0.25,0.14,1.55,1.35,,,1.14,1.11,0.82,0.45,2.37,,,2.42,1.99,1.69,1.31,0.57,,,0.47,0.56,0.49,0.34,56.50,5.50,13.20,35.20,5.90,12.10,,,,,,,,,,,
Tribune,Greeley,38.46613,-101.77518,128,2,50,6/20/2019 0:00,43.3,1.8,19,33,48,silty clay loam,1.28,2.63,0.51,0.50,0.23,0.50,0.44,0.43,0.32,0.30,0.19,0.14,0.03,0.51,0.15,0.16,1.39,1.21,,,1.00,,,,2.63,,,2.19,,,,0.46,,,0.46,,,,52.50,5.90,13.00,33.40,5.30,10.50,,,,,,,,,,,
Colby,Thomas,39.39246,-101.06875,129,1,5,6/20/2019 0:00,4.6,0.2,,,,silty clay loam,1.43,2.53,0.44,0.42,0.31,0.43,0.43,0.43,0.37,0.34,0.23,0.18,0.02,0.43,0.21,0.03,1.53,1.27,,,1.24,1.15,0.90,0.40,2.52,,,2.53,2.04,2.02,1.36,0.50,,,0.49,0.57,0.45,0.29,,,,,,,0.15,1.9,3323.6,404.0,16.9,3.1,73.8,7.3,7.2,765.1,
Colby,Thomas,39.39246,-101.06875,130,1,10,6/20/2019 0:00,8.3,0.3,,,,silty clay loam,1.48,2.74,0.46,0.42,0.28,0.43,0.43,0.42,0.33,0.30,0.22,0.15,0.02,0.43,0.21,0.05,1.80,1.30,,,1.16,1.16,0.71,0.36,2.49,,,2.20,2.07,1.79,1.16,0.52,,,0.53,0.56,0.39,0.31,,,,,,,0.10,1.1,3367.0,391.9,16.4,2.2,33.8,8.0,7.4,754.2,
Colby,Thomas,39.39246,-101.06875,131,1,20,6/20/2019 0:00,6.8,0.3,,,,silty clay loam,1.49,2.63,0.43,0.42,0.25,0.43,0.43,0.42,0.34,0.31,0.22,0.16,0.02,0.43,0.21,0.04,1.78,1.34,,,1.28,1.20,0.71,0.39,2.72,,,2.63,2.26,1.99,1.45,0.49,,,0.49,0.53,0.36,0.27,,,,,,,0.09,0.9,3945.6,458.0,24.8,1.9,10.4,7.9,7.4,753.7,
Colby,Thomas,39.39246,-101.06875,132,1,50,6/20/2019 0:00,1.5,0.1,,,,silty clay loam,1.39,2.82,0.51,0.46,0.32,0.45,0.43,0.43,0.39,0.36,0.28,0.19,0.02,0.46,0.17,0.09,1.20,1.18,,,1.12,1.07,0.83,0.37,2.69,,,2.61,1.97,1.59,1.30,0.44,,,0.43,0.54,0.52,0.29,,,,,,,0.09,1.4,4835.1,954.6,92.2,1.8,31.0,8.4,7.6,827.7,
Colby,Thomas,39.39246,-101.06875,133,2,5,6/20/2019 0:00,2.6,0.1,19,31,50,silty clay loam,1.48,2.76,0.46,0.43,0.33,0.44,0.44,0.44,0.39,0.38,0.22,0.21,0.04,0.44,0.09,0.02,1.28,1.33,,,1.31,,,,2.57,,,2.52,,,,0.52,,,0.52,,,,53.90,5.80,13.20,30.10,4.60,8.60,,,,,,,,,,,
Colby,Thomas,39.39246,-101.06875,134,2,10,6/20/2019 0:00,5.5,0.2,18,28,53,silty clay loam,1.47,2.65,0.44,0.43,0.31,0.44,0.43,0.43,0.36,0.34,0.21,0.17,0.03,0.44,0.17,0.04,1.48,1.36,,,1.30,,,,2.59,,,2.45,,,,0.53,,,0.53,,,,48.90,5.90,13.10,30.20,5.10,9.50,,,,,,,,,,,
Colby,Thomas,39.39246,-101.06875,135,2,20,6/20/2019 0:00,8.0,0.3,16,28,56,silty clay loam,1.38,2.57,0.46,0.44,0.27,0.44,0.43,0.42,0.34,0.31,0.22,0.17,0.03,0.44,0.20,0.06,1.55,1.38,,,1.17,,,,2.47,,,2.25,,,,0.56,,,0.52,,,,52.50,6.00,13.40,31.80,5.60,10.80,,,,,,,,,,,
Colby,Thomas,39.39246,-101.06875,136,2,50,6/20/2019 0:00,0.4,0.0,14,33,53,silty clay loam,1.43,2.63,0.45,0.43,0.36,0.43,0.43,0.43,0.42,0.40,0.29,0.22,0.04,0.43,0.16,0.01,1.26,1.35,,,1.26,,,,2.56,,,2.41,,,,0.53,,,0.53,,,,54.80,4.90,11.50,36.90,5.10,11.40,,,,,,,,,,,
Cheyenne,Cheyenne,39.62651,-101.8076,137,1,5,6/21/2019 0:00,0.4,0.0,,,,silt loam,1.39,2.57,0.46,0.42,0.38,0.42,0.42,0.42,0.40,0.39,0.20,0.20,0.01,0.42,0.04,0.01,1.32,1.23,,,1.21,1.17,1.01,0.33,2.47,,,2.53,2.31,1.84,1.33,0.50,,,0.48,0.51,0.55,0.25,,,,,,,0.15,1.4,2337.1,376.1,17.4,2.7,99.8,7.2,7.2,1198.0,
Cheyenne,Cheyenne,39.62651,-101.8076,138,1,10,6/21/2019 0:00,17.0,0.7,,,,silt loam,1.43,2.59,0.45,0.41,0.35,0.41,0.39,0.39,0.34,0.32,0.22,0.16,0.01,0.41,0.16,0.07,1.29,1.28,,,1.20,1.18,1.00,0.34,2.42,,,2.26,2.12,1.66,1.31,0.53,,,0.53,0.56,0.60,0.26,,,,,,,0.13,1.2,2576.5,354.2,18.4,2.4,84.8,6.9,7.1,1066.2,
Cheyenne,Cheyenne,39.62651,-101.8076,139,1,20,6/21/2019 0:00,8.1,0.3,,,,silty clay loam,1.46,2.65,0.45,0.41,0.32,0.41,0.38,0.38,0.33,0.31,0.21,0.16,0.02,0.41,0.02,0.13,1.13,1.32,,,1.25,1.15,0.76,0.35,2.44,,,2.28,1.92,2.03,1.45,0.54,,,0.55,0.60,0.38,0.24,,,,,,,0.12,1.1,2768.2,380.9,18.5,2.3,71.2,7.3,7.2,833.5,
Cheyenne,Cheyenne,39.62651,-101.8076,140,1,50,6/21/2019 0:00,57.9,2.4,,,,silt loam,1.29,2.68,0.52,0.51,0.14,0.47,0.42,0.42,0.28,0.25,0.18,0.11,0.01,0.50,0.15,0.18,1.50,1.10,,,0.90,0.83,0.49,0.24,2.72,,,2.10,1.92,1.40,1.32,0.41,,,0.43,0.43,0.35,0.19,,,,,,,0.09,0.9,4589.2,431.2,17.4,1.8,29.8,7.8,7.4,484.9,
Cheyenne,Cheyenne,39.62651,-101.8076,141,2,5,6/21/2019 0:00,0.7,0.0,18,22,60,silt loam,1.30,2.57,0.49,0.46,0.40,0.47,0.46,0.45,0.41,0.39,0.17,0.19,0.03,0.47,0.01,0.02,1.31,1.16,,,1.04,,,,2.52,,,2.51,,,,0.46,,,0.41,,,,47.70,5.90,12.60,29.90,5.70,10.50,,,,,,,,,,,
Cheyenne,Cheyenne,39.62651,-101.8076,142,2,10,6/21/2019 0:00,0.4,0.0,19,25,55,silt loam,1.39,2.57,0.46,0.42,0.36,0.42,0.41,0.40,0.39,0.36,0.19,0.18,0.03,0.42,0.01,0.02,1.25,1.25,,,1.17,,,,2.53,,,2.22,,,,0.49,,,0.53,,,,50.00,6.00,13.10,28.10,5.10,8.90,,,,,,,,,,,
Cheyenne,Cheyenne,39.62651,-101.8076,143,2,20,6/21/2019 0:00,0.4,0.0,17,28,55,silty clay loam,1.44,2.58,0.44,0.43,0.38,0.43,0.42,0.42,0.39,0.37,0.22,0.19,0.03,0.43,0.04,0.02,1.22,1.25,,,1.21,,,,2.50,,,2.42,,,,0.50,,,0.50,,,,48.70,5.70,12.20,28.30,5.20,9.10,,,,,,,,,,,
Cheyenne,Cheyenne,39.62651,-101.8076,144,2,50,6/21/2019 0:00,60.0,2.5,20,26,54,silt loam,1.24,2.63,0.53,0.51,0.16,0.48,0.43,0.43,0.30,0.28,0.17,0.13,0.03,0.51,0.12,0.19,1.36,1.20,,,0.98,,,,2.58,,,2.11,,,,0.47,,,0.46,,,,53.40,6.20,13.70,34.90,5.90,12.20,,,,,,,,,,,
Silver Lake 4E,Shawnee,39.0921,-95.78146,1,1,5,11/19/2019 0:00,2.2,0.1,,,,silt loam,1.39,2.59,0.46,0.40,0.17,0.40,0.38,0.38,0.29,0.26,0.17,0.17,0.01,0.40,0.15,0.06,1.62,1.45,,,1.33,1.32,1.18,0.37,2.53,,,1.96,1.79,1.66,1.42,0.58,,,0.68,0.74,0.71,0.26,,,,,,,0.13,1.5,2086.2,194.7,14.0,2.6,14.0,6.4,6.8,423.9,
Silver Lake 4E,Shawnee,39.0921,-95.78146,2,1,10,11/19/2019 0:00,0.1,0.0,,,,silt loam,1.62,2.56,0.37,0.35,0.22,0.36,0.35,0.36,0.31,0.29,0.20,0.20,0.01,0.35,0.18,0.03,1.63,1.58,,,1.45,1.40,1.28,0.44,2.12,,,2.06,2.10,1.70,1.65,0.75,,,0.70,0.67,0.75,0.26,,,,,,,0.14,1.6,2035.5,201.6,13.0,2.7,16.2,6.2,6.8,432.5,
Silver Lake 4E,Shawnee,39.0921,-95.78146,3,1,20,11/19/2019 0:00,0.2,0.0,,,,silt loam,1.65,2.62,0.37,0.34,0.30,0.35,0.35,0.35,0.31,0.28,0.20,0.17,0.01,0.35,0.19,0.02,1.69,1.76,,,1.58,1.59,1.43,0.56,2.07,,,2.07,1.80,1.63,1.57,0.85,,,0.77,0.88,0.88,0.36,,,,,,,0.12,1.3,1721.0,191.6,15.7,2.3,9.6,5.4,6.3,347.5,soil sample did not saturate and appeared impermeable to water after a week in permeameter
Silver Lake 4E,Shawnee,39.0921,-95.78146,4,1,50,11/19/2019 0:00,0.1,0.0,,,,silty clay loam,1.51,2.66,0.43,0.40,0.37,0.40,0.40,0.40,0.39,0.37,0.24,0.25,0.02,0.40,0.11,0.01,1.30,1.52,,,1.48,1.49,1.42,0.57,2.61,,,2.07,2.18,1.58,1.33,0.58,,,0.71,0.68,0.90,0.43,,,,,,,0.11,1.0,2444.9,312.5,19.9,2.1,4.2,5.9,6.6,294.5,soil sample did not saturate and appeared impermeable to water after a week in permeameter
Silver Lake 4E,Shawnee,39.0921,-95.78146,5,2,5,11/19/2019 0:00,0.3,0.0,13,25,62,silt loam,1.47,2.60,0.43,0.38,0.17,0.39,0.39,0.40,0.31,0.28,0.17,0.20,0.04,0.39,0.15,0.03,1.70,1.44,,,1.33,1.30,1.19,0.37,2.26,,,1.92,1.60,1.45,1.44,0.64,,,0.69,0.81,0.82,0.26,44.10,5.60,11.40,24.50,4.10,6.70,,,,,,,,,,,
Silver Lake 4E,Shawnee,39.0921,-95.78146,6,2,10,11/19/2019 0:00,0.3,0.0,13,27,61,silt loam,1.62,2.56,0.37,0.35,0.22,0.35,0.35,0.35,0.32,0.29,0.19,0.19,0.03,0.35,0.15,0.02,1.51,1.56,,,1.53,1.48,1.28,0.50,2.58,,,2.11,1.78,1.49,1.03,0.60,,,0.72,0.83,0.86,0.48,43.40,5.70,11.40,23.30,4.40,7.70,,,,,,,,,,,
Silver Lake 4E,Shawnee,39.0921,-95.78146,7,2,20,11/19/2019 0:00,1.0,0.0,13,25,62,silt loam,1.53,2.71,0.43,0.38,0.28,0.37,0.36,0.36,0.33,0.30,0.17,0.22,0.02,0.37,0.02,0.03,1.22,1.72,,,1.70,1.71,1.45,0.55,2.46,,,2.25,1.88,1.54,1.26,0.70,,,0.76,0.91,0.94,0.44,44.90,6.20,12.00,25.50,4.40,7.00,,,,,,,,,,,soil sample did not saturate and appeared impermeable to water after a week in permeameter
Silver Lake 4E,Shawnee,39.0921,-95.78146,8,2,50,11/19/2019 0:00,0.8,0.0,11,33,56,silty clay loam,1.47,2.68,0.45,0.41,0.39,0.41,0.41,0.41,0.40,0.38,0.20,0.30,0.03,0.42,0.07,0.01,1.34,1.56,,,1.51,1.52,1.49,0.53,2.45,,,2.35,1.78,1.66,1.31,0.64,,,0.64,0.85,0.90,0.41,46.30,5.90,13.40,29.70,6.10,11.00,,,,,,,,,,,soil sample did not saturate and appeared impermeable to water after a week in permeameter
Rossville 2SE,Shawnee,39.11663,-95.91563,9,1,5,11/19/2019 0:00,16.6,0.7,,,,loam,1.52,2.63,0.42,0.41,0.19,0.39,0.39,0.39,0.20,0.17,0.06,0.11,0.01,0.40,0.06,0.05,2.00,1.66,1.66,1.60,1.25,1.17,1.12,0.30,2.18,2.34,2.65,1.63,1.42,1.21,1.05,0.76,0.71,0.61,0.77,0.82,0.93,0.29,,,,,,,0.09,0.9,953.8,72.1,7.5,1.5,68.8,6.4,7.1,152.7,
Rossville 2SE,Shawnee,39.11663,-95.91563,10,1,10,11/19/2019 0:00,2.7,0.1,,,,loam,1.67,2.70,0.38,0.35,0.19,0.33,0.32,0.32,0.19,0.20,0.06,0.12,0.01,0.34,0.03,0.07,1.48,1.72,1.74,1.70,1.50,1.44,1.26,0.38,2.26,2.08,2.34,1.74,1.42,1.39,0.98,0.75,0.83,0.73,0.86,1.02,0.91,0.39,,,,,,,0.08,0.7,894.2,78.7,7.0,1.4,45.4,6.3,7.1,214.9,
Rossville 2SE,Shawnee,39.11663,-95.91563,11,1,20,11/19/2019 0:00,3.8,0.2,,,,loam,1.28,2.64,0.52,0.30,0.17,0.28,0.27,0.27,0.25,0.16,0.05,0.10,0.01,0.28,0.05,0.02,2.68,1.65,,,1.72,1.49,1.42,0.43,2.45,,,2.51,1.73,1.47,1.15,0.68,,,0.69,0.86,0.97,0.38,,,,,,,0.05,0.5,875.2,70.4,8.6,0.9,42.2,6.4,7.1,184.5,
Rossville 2SE,Shawnee,39.11663,-95.91563,12,1,50,11/19/2019 0:00,0.6,0.0,,,,silt loam,1.31,2.66,0.51,0.34,0.27,0.32,0.32,0.32,0.28,0.24,0.09,0.18,0.01,0.33,0.03,0.02,1.43,1.57,,,1.55,1.49,1.35,0.42,2.52,,,2.10,1.71,1.68,1.25,0.62,,,0.74,0.87,0.80,0.33,,,,,,,0.07,0.9,1698.3,102.5,12.1,1.6,41.4,6.0,7.0,161.1,
Rossville 2SE,Shawnee,39.11663,-95.91563,13,2,5,11/19/2019 0:00,126.4,5.3,49,11,40,loam,1.40,2.72,0.48,0.42,0.19,0.41,0.41,0.41,0.31,0.24,0.06,0.17,0.01,0.42,0.02,0.03,1.63,1.44,,,1.32,1.22,1.23,0.24,2.49,,,2.08,1.62,1.35,0.89,0.58,,,0.64,0.76,0.91,0.27,47.50,5.50,11.00,26.70,4.90,8.10,,,,,,,,,,,
Rossville 2SE,Shawnee,39.11663,-95.91563,14,2,10,11/19/2019 0:00,76.4,3.2,46,11,43,loam,1.52,2.74,0.45,0.37,0.17,0.36,0.35,0.35,0.17,0.16,0.05,0.10,0.01,0.37,0.05,0.06,1.86,1.58,,,1.35,1.25,1.19,0.34,2.13,,,1.60,1.33,1.23,1.22,0.74,,,0.84,0.94,0.97,0.28,49.30,5.80,11.40,28.90,4.70,7.70,,,,,,,,,,,
Rossville 2SE,Shawnee,39.11663,-95.91563,15,2,20,11/19/2019 0:00,64.2,2.7,52,10,38,loam,1.15,2.64,0.56,0.27,0.17,0.26,0.24,0.25,0.22,0.13,0.04,0.08,0.01,0.26,0.04,0.02,2.78,1.55,,,1.57,1.26,1.14,0.35,2.46,,,2.10,1.75,1.42,1.17,0.63,,,0.75,0.72,0.80,0.30,45.10,5.50,11.30,28.80,4.20,7.00,,,,,,,,,,,
Rossville 2SE,Shawnee,39.11663,-95.91563,16,2,50,11/19/2019 0:00,23.2,1.0,25,16,58,silt loam,1.39,2.57,0.46,0.43,0.30,0.41,0.38,0.38,0.24,0.22,0.10,0.15,0.01,0.43,0.06,0.10,1.46,1.52,1.49,1.43,1.18,1.18,0.87,0.33,2.21,2.16,2.20,1.71,1.57,1.26,1.24,0.69,0.69,0.65,0.69,0.75,0.70,0.27,41.90,5.20,10.30,24.00,3.80,6.50,,,,,,,,,,,
Elmdale 1SE,Chase,38.36251,-96.61777,17,1,5,11/25/2019 0:00,3.9,0.2,,,,silty clay,1.27,2.55,0.50,0.49,0.34,0.46,0.43,0.43,0.39,0.37,0.25,0.23,0.02,0.48,0.01,0.28,1.10,1.26,1.06,1.08,0.99,0.91,0.91,0.45,2.67,1.91,2.09,2.25,1.99,1.58,0.89,0.47,0.55,0.52,0.44,0.46,0.57,0.51,,,,,,,0.28,3.2,4128.7,399.6,34.7,5.7,25.9,7.0,6.9,576.7,
Elmdale 1SE,Chase,38.36251,-96.61777,18,1,10,11/25/2019 0:00,0.3,0.0,,,,silty clay,1.44,2.41,0.40,0.42,0.38,0.42,0.42,0.42,0.41,0.40,0.29,0.27,0.02,0.42,0.15,0.01,1.25,1.40,1.36,1.41,1.30,1.30,1.38,0.62,2.38,2.12,1.62,1.77,1.88,1.54,1.00,0.59,0.64,0.87,0.74,0.69,0.90,0.63,,,,,,,0.19,2.3,4118.5,520.8,56.8,4.3,0.9,7.2,6.9,498.5,soil sample did not saturate and appeared impermeable to water after 3 weeks in permeameter
Elmdale 1SE,Chase,38.36251,-96.61777,19,1,20,11/25/2019 0:00,0.3,0.0,,,,silty clay,1.42,2.63,0.46,0.44,0.36,0.43,0.42,0.42,0.40,0.39,0.29,0.26,0.02,0.44,0.02,0.04,1.10,1.37,1.34,1.36,1.30,1.31,1.23,0.67,2.35,2.00,1.63,1.80,1.97,2.04,1.00,0.58,0.67,0.83,0.73,0.67,0.60,0.67,,,,,,,0.14,1.7,4027.6,602.1,79.2,3.5,0.4,6.8,6.8,379.4,soil sample did not saturate and appeared impermeable to water after 3 weeks in permeameter
Elmdale 1SE,Chase,38.36251,-96.61777,20,1,50,11/25/2019 0:00,0.2,0.0,,,,silty clay,1.62,2.67,0.39,0.40,0.31,0.40,0.41,0.40,0.40,0.39,0.33,0.26,0.02,0.40,0.22,0.01,1.16,1.42,1.40,1.33,1.37,1.30,1.27,0.71,2.58,2.14,1.76,1.93,1.93,1.97,1.33,0.55,0.65,0.76,0.71,0.67,0.65,0.53,,,,,,,0.09,1.0,4301.3,688.6,253.8,2.1,0.3,7.9,7.2,262.5,soil sample did not saturate and appeared impermeable to water after 3 weeks in permeameter
Elmdale 1SE,Chase,38.36251,-96.61777,21,2,5,11/25/2019 0:00,2.3,0.1,8,43,50,silty clay,1.25,2.64,0.53,0.52,0.38,0.49,0.47,0.46,0.42,0.40,0.24,0.27,0.04,0.50,0.01,0.06,1.16,1.40,1.21,1.32,1.22,1.09,1.09,0.49,2.56,1.71,1.84,1.93,1.90,1.50,0.72,0.55,0.71,0.72,0.63,0.57,0.73,0.68,42.10,5.30,11.10,24.00,4.80,7.90,,,,,,,,,,,
Elmdale 1SE,Chase,38.36251,-96.61777,22,2,10,11/25/2019 0:00,0.9,0.0,6,48,46,silty clay,1.30,2.56,0.49,0.51,0.37,0.48,0.46,0.46,0.42,0.40,0.26,0.29,0.05,0.50,0.01,0.08,1.14,1.32,1.24,1.23,1.19,1.19,1.12,0.56,2.69,1.79,1.92,2.01,2.04,1.89,1.28,0.49,0.69,0.64,0.59,0.58,0.60,0.44,40.20,5.40,11.20,24.60,4.80,8.10,,,,,,,,,,,
Elmdale 1SE,Chase,38.36251,-96.61777,23,2,20,11/25/2019 0:00,0.3,0.0,3,55,42,silty clay,1.40,2.56,0.45,0.46,0.41,0.46,0.46,0.46,0.45,0.44,0.30,0.32,0.06,0.46,0.13,0.01,1.25,1.35,1.34,1.31,1.30,1.29,1.15,0.46,2.65,1.65,1.85,2.10,2.27,2.16,1.62,0.51,0.81,0.71,0.62,0.57,0.53,0.28,43.00,6.50,13.90,26.10,6.50,10.30,,,,,,,,,,,soil sample did not saturate and appeared impermeable to water after 3 weeks in permeameter
Elmdale 1SE,Chase,38.36251,-96.61777,24,2,50,11/25/2019 0:00,0.3,0.0,3,53,44,silty clay,1.53,2.68,0.43,0.40,0.35,0.41,0.41,0.41,0.41,0.40,0.30,0.30,0.06,0.41,0.23,0.01,1.32,1.44,1.41,1.40,1.39,1.37,1.21,0.56,2.47,1.48,1.58,1.96,1.99,1.94,1.18,0.58,0.95,0.89,0.71,0.69,0.62,0.48,45.30,8.10,15.90,28.70,7.70,12.10,,,,,,,,,,,soil sample did not saturate and appeared impermeable to water after 3 weeks in permeameter
Woodson,Woodson,37.86118,-95.78358,25,1,5,11/25/2019 0:00,5.3,0.2,,,,silty clay loam,1.07,2.53,0.58,0.58,0.50,0.55,0.52,0.53,0.46,0.43,0.24,0.24,0.02,0.56,0.01,0.06,1.19,1.14,,,0.99,0.99,0.98,0.41,2.87,,,2.57,2.53,2.37,1.84,0.40,,,0.38,0.39,0.41,0.22,,,,,,,0.38,4.8,4055.7,499.0,22.6,8.4,4.9,6.2,6.5,515.2,
Woodson,Woodson,37.86118,-95.78358,26,1,10,11/25/2019 0:00,0.5,0.0,,,,silty clay,1.23,2.55,0.52,0.53,0.46,0.52,0.50,0.51,0.45,0.42,0.25,0.24,0.02,0.53,0.01,0.04,1.19,1.27,,,1.16,1.17,1.01,0.38,2.72,,,2.50,2.42,1.29,1.85,0.47,,,0.46,0.48,0.78,0.20,,,,,,,0.25,3.4,3932.0,520.7,31.9,6.2,0.9,6.4,6.5,325.2,soil sample did not saturate and appeared impermeable to water after a week in permeameter
Woodson,Woodson,37.86118,-95.78358,27,1,20,11/25/2019 0:00,0.3,0.0,,,,silty clay,1.29,2.53,0.49,0.50,0.48,0.50,0.50,0.50,0.49,0.46,0.30,0.26,0.02,0.50,0.25,0.01,1.55,1.25,,,1.19,1.20,1.13,0.48,2.83,,,2.45,2.62,2.52,1.74,0.44,,,0.49,0.46,0.45,0.28,,,,,,,0.17,2.3,4216.0,679.9,81.0,4.5,0.2,5.9,6.2,261.4,soil sample did not saturate and appeared impermeable to water after a week in permeameter
Woodson,Woodson,37.86118,-95.78358,28,1,50,11/25/2019 0:00,0.3,0.0,,,,clay,1.32,2.74,0.52,0.49,0.47,0.49,0.49,0.49,0.49,0.48,0.36,0.28,0.03,0.50,0.18,0.01,1.21,1.21,,,1.20,1.19,1.04,0.37,2.80,,,2.53,2.64,2.59,0.99,0.43,,,0.47,0.45,0.40,0.38,,,,,,,0.11,1.2,4719.5,860.2,187.5,3.2,0.3,6.2,6.4,329.4,soil sample did not saturate and appeared impermeable to water after a week in permeameter
Woodson,Woodson,37.86118,-95.78358,29,2,5,11/25/2019 0:00,2.0,0.1,10,36,55,silty clay loam,1.03,2.55,0.59,0.60,0.51,0.56,0.53,0.53,0.47,0.45,0.22,0.24,0.03,0.57,0.01,0.04,1.23,1.11,,,0.99,,,,2.83,,,2.33,,,,0.39,,,0.42,,,,37.00,3.90,8.20,23.60,3.80,7.00,,,,,,,,,,,
Woodson,Woodson,37.86118,-95.78358,30,2,10,11/25/2019 0:00,0.3,0.0,13,41,46,silty clay,1.19,2.73,0.56,0.54,0.45,0.50,0.48,0.49,0.44,0.41,0.23,0.22,0.03,0.51,0.01,0.04,1.20,1.28,,,1.21,,,,2.71,,,2.41,,,,0.47,,,0.51,,,,37.60,3.70,8.40,20.80,3.50,5.80,,,,,,,,,,,soil sample did not saturate and appeared impermeable to water after a week in permeameter
Woodson,Woodson,37.86118,-95.78358,31,2,20,11/25/2019 0:00,0.2,0.0,5,51,44,silty clay,1.29,2.68,0.52,0.51,0.48,0.51,0.51,0.51,0.48,0.46,0.26,0.27,0.04,0.51,0.07,0.01,1.28,1.29,,,1.23,,,,2.99,,,2.58,,,,0.43,,,0.48,,,,40.00,4.20,9.70,25.00,3.90,6.90,,,,,,,,,,,soil sample did not saturate and appeared impermeable to water after a week in permeameter
Woodson,Woodson,37.86118,-95.78358,32,2,50,11/25/2019 0:00,0.3,0.0,3,63,34,clay,1.31,2.67,0.51,0.51,0.49,0.52,0.52,0.52,0.51,0.50,0.37,0.31,0.05,0.52,0.20,0.01,1.22,1.20,,,1.18,,,,2.73,,,2.42,,,,0.44,,,0.49,,,,46.70,5.00,12.90,29.60,5.00,11.10,,,,,,,,,,,soil sample did not saturate and appeared impermeable to water after a week in permeameter
Parsons,Labette,37.36762,-95.28836,33,1,5,11/25/2019 0:00,28.1,1.2,,,,silt loam,1.33,2.49,0.46,0.47,0.41,0.44,0.41,0.41,0.41,0.38,0.12,0.17,0.01,0.43,0.01,0.01,1.48,1.65,,,1.57,1.54,0.85,0.35,2.87,,,2.61,2.46,2.02,1.01,0.58,,,0.60,0.63,0.42,0.35,,,,,,,0.13,1.4,1644.1,162.9,18.2,2.4,10.5,5.5,6.7,76.8,
Parsons,Labette,37.36762,-95.28836,34,1,10,11/25/2019 0:00,2.2,0.1,,,,silt loam,1.51,2.63,0.43,0.43,0.38,0.40,0.39,0.39,0.38,0.35,0.13,0.13,0.01,0.41,0.01,0.01,1.40,1.95,,,1.87,1.86,1.06,0.46,2.66,,,2.33,2.33,1.92,0.78,0.74,,,0.81,0.80,0.55,0.60,,,,,,,0.09,0.9,1851.7,143.9,17.6,1.7,6.6,6.5,7.0,78.3,
Parsons,Labette,37.36762,-95.28836,35,1,20,11/25/2019 0:00,0.3,0.0,,,,silt loam,1.58,2.64,0.40,0.38,0.35,0.37,0.36,0.36,0.36,0.33,0.14,0.24,0.01,0.37,0.07,0.01,1.54,2.02,2.07,2.09,2.09,2.03,1.99,0.61,2.57,2.33,2.37,2.33,1.92,1.99,1.65,0.78,0.89,0.88,0.90,1.06,1.00,0.37,,,,,,,0.07,0.8,1844.3,156.4,29.7,1.6,5.9,6.7,7.1,67.0,soil sample did not saturate and appeared impermeable to water after a week in permeameter
Parsons,Labette,37.36762,-95.28836,36,1,50,11/25/2019 0:00,0.1,0.0,,,,silty clay,1.47,2.69,0.46,0.45,0.44,0.46,0.46,0.46,0.45,0.44,0.36,0.36,0.02,0.46,0.24,0.01,1.21,1.41,1.35,1.38,1.33,1.28,1.40,,2.51,2.31,2.29,2.35,2.00,2.00,,0.56,0.58,0.60,0.57,0.64,0.70,,,,,,,,0.08,0.7,4032.3,697.9,177.5,2.2,0.3,6.0,6.5,231.2,soil sample did not saturate and appeared impermeable to water after a week in permeameter
Parsons,Labette,37.36762,-95.28836,37,2,5,11/25/2019 0:00,16.8,0.7,16,20,64,silt loam,1.47,2.62,0.44,0.41,0.37,0.40,0.38,0.38,0.33,0.30,0.12,0.21,0.01,0.40,0.01,0.03,1.31,1.82,1.83,1.84,1.81,1.68,1.66,0.58,2.50,2.35,2.46,2.32,1.98,1.48,1.28,0.73,0.78,0.75,0.78,0.85,1.13,0.45,52.60,6.90,14.60,31.40,6.00,10.30,,,,,,,,,,,
Parsons,Labette,37.36762,-95.28836,38,2,10,11/25/2019 0:00,88.5,3.7,13,20,67,silt loam,1.55,2.63,0.41,0.40,0.37,0.40,0.39,0.38,0.33,0.29,0.13,0.21,0.02,0.40,0.02,0.03,1.31,1.85,1.81,1.81,1.66,1.60,1.52,0.62,2.54,2.36,2.42,2.34,1.99,1.73,1.20,0.73,0.77,0.75,0.71,0.80,0.88,0.52,50.50,6.20,13.70,30.50,5.40,10.40,,,,,,,,,,,
Parsons,Labette,37.36762,-95.28836,39,2,20,11/25/2019 0:00,1.1,0.0,13,20,67,silt loam,1.50,2.63,0.43,0.40,0.36,0.38,0.37,0.37,0.33,0.31,0.12,0.12,0.02,0.38,0.01,0.02,1.35,1.89,,,1.75,1.61,1.03,0.55,2.66,,,2.20,2.41,1.98,1.61,0.71,,,0.79,0.67,0.52,0.34,51.70,6.00,13.60,30.40,5.10,9.80,,,,,,,,,,,heavy soil
Parsons,Labette,37.36762,-95.28836,40,2,50,11/25/2019 0:00,0.5,0.0,2,51,47,silty clay,1.41,2.68,0.47,0.47,0.45,0.47,0.47,0.47,0.45,0.44,0.32,0.26,0.04,0.47,0.15,0.01,1.23,1.40,,,1.38,1.36,1.21,0.85,2.81,,,2.25,2.44,2.40,1.34,0.50,,,0.61,0.56,0.50,0.63,50.70,5.40,14.70,30.30,5.60,12.20,,,,,,,,,,,soil sample did not saturate and appeared dense and impermeable to water
Cherokee,Cherokee,37.19897,-94.98093,41,1,5,11/26/2019 0:00,9.1,0.4,,,,silt loam,1.27,2.59,0.51,0.50,0.47,0.48,0.46,0.46,0.45,0.31,0.11,0.14,0.01,0.47,0.11,0.02,3.39,1.74,,,1.67,1.54,0.83,0.34,2.70,,,2.50,2.15,1.62,1.16,0.64,,,0.67,0.72,0.51,0.29,,,,,,,0.13,1.5,1459.4,135.8,15.9,2.7,3.2,6.2,7.0,58.0,
Cherokee,Cherokee,37.19897,-94.98093,42,1,10,11/26/2019 0:00,2.5,0.1,,,,silt loam,1.29,2.58,0.50,0.47,0.45,0.46,0.44,0.45,0.43,0.41,0.10,0.19,0.01,0.46,0.01,0.01,1.56,1.77,,,1.77,1.78,1.23,0.40,2.93,,,2.63,2.53,2.28,1.46,0.61,,,0.67,0.70,0.54,0.27,,,,,,,0.11,1.4,1430.1,136.0,19.9,2.4,2.7,6.0,6.9,51.9,
Cherokee,Cherokee,37.19897,-94.98093,43,1,20,11/26/2019 0:00,0.8,0.0,,,,silt loam,1.50,2.63,0.43,0.42,0.43,0.41,0.40,0.40,0.38,0.36,0.11,0.14,0.01,0.41,0.01,0.01,1.51,1.90,,,1.80,1.86,1.11,0.43,2.80,,,2.36,2.58,1.80,1.18,0.68,,,0.76,0.72,0.61,0.37,,,,,,,0.07,1.0,1443.3,102.1,22.2,1.9,2.1,6.7,7.1,45.7,soil sample did not saturate and appeared impermeable to water after a week in permeameter
Cherokee,Cherokee,37.19897,-94.98093,44,1,50,11/26/2019 0:00,0.2,0.0,,,,silty clay,1.39,2.69,0.49,0.47,0.46,0.47,0.47,0.47,0.47,0.45,0.32,0.24,0.02,0.47,0.14,0.01,1.23,1.42,,,1.39,1.45,1.14,0.48,2.85,,,2.60,2.55,2.52,1.25,0.50,,,0.53,0.56,0.45,0.38,,,,,,,0.10,1.0,3074.3,674.0,93.6,2.6,0.3,5.7,6.3,204.2,soil sample did not saturate and appeared impermeable to water after a week in permeameter
Cherokee,Cherokee,37.19897,-94.98093,45,2,5,11/26/2019 0:00,0.5,0.0,16,24,60,silt loam,1.35,2.63,0.48,0.47,0.45,0.46,0.45,0.45,0.44,0.41,0.12,0.20,0.02,0.46,0.01,0.01,1.50,1.71,,,1.68,,,,2.76,,,2.48,,,,0.62,,,0.68,,,,50.90,6.60,14.10,31.80,6.10,10.70,,,,,,,,,,,soil sample did not saturate and appeared impermeable to water after a week in permeameter
Cherokee,Cherokee,37.19897,-94.98093,46,2,10,11/26/2019 0:00,4.7,0.2,14,18,68,silt loam,1.32,2.64,0.50,0.46,0.43,0.43,0.41,0.40,0.40,0.40,0.09,0.17,0.01,0.43,0.01,0.01,1.59,1.94,,,1.74,,,,3.15,,,2.50,,,,0.62,,,0.69,,,,50.70,6.60,13.80,29.80,6.10,9.80,,,,,,,,,,,
Cherokee,Cherokee,37.19897,-94.98093,47,2,20,11/26/2019 0:00,2.2,0.1,16,18,67,silt loam,1.44,2.62,0.45,0.43,0.43,0.42,0.41,0.41,0.37,0.33,0.09,0.13,0.01,0.42,0.01,0.02,1.50,1.91,,,1.89,,,,2.71,,,2.35,,,,0.71,,,0.80,,,,51.40,6.40,14.20,31.00,6.20,11.00,,,,,,,,,,,
Cherokee,Cherokee,37.19897,-94.98093,48,2,50,11/26/2019 0:00,0.4,0.0,8,50,42,silty clay,1.35,2.67,0.50,0.49,0.49,0.49,0.49,0.49,0.45,0.43,0.25,0.22,0.04,0.49,0.07,0.02,1.25,1.42,,,1.35,,,,2.75,,,2.40,,,,0.52,,,0.56,,,,48.60,8.30,15.70,28.40,9.30,13.50,,,,,,,,,,,
Sedan,Chautauqua,37.16491,-96.22881,49,1,5,11/26/2019 0:00,1.6,0.1,,,,clay loam,1.26,2.51,0.50,0.48,0.37,0.48,0.46,0.46,0.37,0.34,0.20,0.23,0.01,0.48,0.14,0.06,1.37,1.39,1.37,1.36,1.23,1.22,0.88,0.37,2.49,1.77,1.80,1.72,1.74,1.49,1.36,0.56,0.78,0.76,0.72,0.70,0.59,0.27,,,,,,,0.28,3.2,2660.7,317.7,26.9,5.8,0.3,6.3,6.6,199.5,
Sedan,Chautauqua,37.16491,-96.22881,50,1,10,11/26/2019 0:00,551.6,23.0,,,,clay loam,1.34,2.66,0.49,0.49,0.32,0.43,0.39,0.39,0.33,0.30,0.20,0.18,0.01,0.50,0.01,0.99,1.12,1.49,1.48,1.45,1.31,1.37,1.13,0.44,2.44,2.04,1.63,1.68,1.55,1.50,1.26,0.61,0.73,0.89,0.78,0.89,0.75,0.35,,,,,,,0.21,2.3,2759.0,284.2,30.6,4.3,0.3,6.0,6.5,123.6,roots and macropores
Sedan,Chautauqua,37.16491,-96.22881,51,1,20,11/26/2019 0:00,0.3,0.0,,,,clay loam,1.42,2.65,0.46,0.42,0.35,0.40,0.40,0.39,0.37,0.34,0.24,0.23,0.01,0.41,0.02,0.05,1.14,1.49,1.45,1.53,1.40,1.38,1.20,0.56,2.25,1.69,1.83,2.01,2.10,1.75,1.44,0.66,0.86,0.83,0.70,0.66,0.69,0.39,,,,,,,0.15,1.8,2910.7,541.6,85.1,3.7,0.2,6.6,6.6,136.6,
Sedan,Chautauqua,37.16491,-96.22881,52,1,50,11/26/2019 0:00,0.6,0.0,,,,clay,1.59,2.73,0.42,0.37,0.27,0.37,0.36,0.35,0.35,0.33,0.28,0.23,0.02,0.37,0.13,0.07,1.09,1.52,1.44,1.44,1.48,1.39,1.36,0.56,2.00,1.57,1.83,1.82,1.88,1.94,1.31,0.76,0.92,0.79,0.81,0.74,0.70,0.43,,,,,,,0.09,0.9,3526.2,769.0,206.0,2.4,0.4,7.3,7.0,194.0,
Sedan,Chautauqua,37.16491,-96.22881,53,2,5,11/26/2019 0:00,2.3,0.1,27,28,45,clay loam,1.31,2.58,0.49,0.45,0.39,0.45,0.46,0.46,0.39,0.35,0.18,0.25,0.03,0.46,0.13,0.03,1.48,1.46,1.46,1.41,1.37,1.36,1.12,0.45,2.22,1.70,1.87,1.60,1.68,1.92,1.54,0.66,0.86,0.76,0.86,0.81,0.58,0.30,45.20,5.30,11.70,24.60,4.80,8.10,,,,,,,,,,,
Sedan,Chautauqua,37.16491,-96.22881,54,2,10,11/26/2019 0:00,491.2,20.5,28,31,41,clay loam,1.29,2.65,0.51,0.47,0.33,0.42,0.38,0.37,0.32,0.29,0.16,0.19,0.03,0.46,0.01,0.41,1.15,1.53,1.47,1.44,1.38,1.30,1.17,0.36,2.24,2.00,2.09,2.07,1.73,1.43,1.29,0.69,0.74,0.69,0.67,0.75,0.82,0.28,43.80,5.30,11.60,24.40,4.50,7.70,,,,,,,,,,,
Sedan,Chautauqua,37.16491,-96.22881,55,2,20,11/26/2019 0:00,1.5,0.1,29,32,39,clay loam,1.45,2.68,0.46,0.43,0.36,0.41,0.40,0.40,0.36,0.33,0.18,0.21,0.03,0.42,0.01,0.04,1.21,1.51,1.40,1.38,1.27,1.28,1.04,0.41,2.54,1.92,1.89,1.63,1.70,1.84,1.36,0.59,0.73,0.73,0.78,0.76,0.56,0.30,42.40,5.10,12.00,22.60,4.20,7.20,,,,,,,,,,,
Sedan,Chautauqua,37.16491,-96.22881,56,2,50,11/26/2019 0:00,0.7,0.0,14,55,30,clay,1.50,2.69,0.44,0.42,0.30,0.41,0.40,0.40,0.38,0.37,0.26,0.26,0.05,0.41,0.01,0.03,1.13,1.33,1.38,1.30,1.30,1.27,0.91,0.50,2.20,2.12,2.11,1.88,1.70,1.98,1.19,0.61,0.65,0.62,0.69,0.75,0.46,0.42,48.30,7.30,15.60,28.80,6.10,11.10,,,,,,,,,,,
Jewell,Jewell,39.68329,-98.21259,57,1,5,11/27/2019 0:00,5.6,0.2,,,,silt loam,1.35,2.54,0.47,0.44,0.23,0.44,0.43,0.42,0.34,0.31,0.16,0.20,0.01,0.44,0.09,0.05,1.37,1.27,1.34,1.33,1.29,1.21,1.01,0.35,2.02,1.86,1.97,1.88,1.72,1.77,1.06,0.63,0.72,0.68,0.69,0.70,0.57,0.33,,,,,,,0.20,1.9,2352.1,328.0,30.7,3.5,1.5,6.8,6.9,387.6,
Jewell,Jewell,39.68329,-98.21259,58,1,10,11/27/2019 0:00,21.2,0.9,,,,silt loam,1.28,2.44,0.47,0.45,0.25,0.45,0.40,0.40,0.30,0.28,0.14,0.17,0.01,0.46,0.01,0.14,1.23,1.23,1.27,1.29,1.07,1.05,0.95,0.29,2.24,1.59,1.89,1.54,1.54,1.52,1.17,0.55,0.80,0.68,0.69,0.68,0.62,0.25,,,,,,,0.16,1.6,2087.8,331.3,43.5,2.9,1.0,6.5,6.8,327.1,
Jewell,Jewell,39.68329,-98.21259,59,1,20,11/27/2019 0:00,5.4,0.2,,,,silty clay loam,1.33,2.54,0.48,0.43,0.30,0.44,0.42,0.41,0.34,0.30,0.18,0.20,0.02,0.43,0.12,0.05,1.40,1.28,1.25,1.24,1.15,1.08,0.89,0.34,2.19,1.92,1.88,1.72,1.71,1.67,1.16,0.58,0.65,0.66,0.67,0.63,0.53,0.29,,,,,,,0.16,1.5,2296.5,460.9,90.7,2.9,0.9,6.3,6.7,360.8,
Jewell,Jewell,39.68329,-98.21259,60,1,50,11/27/2019 0:00,0.3,0.0,,,,silty clay loam,1.59,2.64,0.40,0.36,0.33,0.37,0.37,0.38,0.37,0.35,0.28,0.24,0.02,0.37,0.25,0.01,1.46,1.35,1.34,1.35,1.37,1.36,1.25,0.55,1.76,1.43,1.72,1.87,1.83,1.63,1.00,0.77,0.94,0.78,0.73,0.75,0.77,0.55,,,,,,,0.07,0.6,3018.6,922.7,568.9,1.5,12.6,7.2,7.1,480.1,appeared impermeable to water after a week in solution despite appearing saturated
Jewell,Jewell,39.68329,-98.21259,61,2,5,11/27/2019 0:00,1.1,0.0,14,24,62,silt loam,1.38,2.48,0.44,0.47,0.29,0.48,0.48,0.48,0.42,0.38,0.16,0.24,0.04,0.48,0.04,0.02,1.39,1.38,1.41,1.43,1.37,1.32,1.07,0.38,2.30,2.32,2.26,2.09,1.70,1.54,1.09,0.60,0.61,0.63,0.66,0.78,0.69,0.34,44.70,5.60,11.60,27.30,5.40,9.20,,,,,,,,,,,
Jewell,Jewell,39.68329,-98.21259,62,2,10,11/27/2019 0:00,9.4,0.4,15,23,62,silt loam,1.27,2.57,0.51,0.48,0.28,0.49,0.46,0.45,0.34,0.29,0.13,0.18,0.03,0.49,0.07,0.06,1.43,1.28,1.26,1.30,1.21,1.15,0.94,0.42,2.37,2.25,2.17,2.00,1.35,1.35,0.87,0.54,0.56,0.60,0.60,0.85,0.70,0.49,46.00,6.40,13.20,27.70,5.60,9.30,,,,,,,,,,,
Jewell,Jewell,39.68329,-98.21259,63,2,20,11/27/2019 0:00,1.1,0.0,15,28,57,silty clay loam,1.32,2.58,0.49,0.51,0.38,0.52,0.50,0.50,0.42,0.32,0.16,0.22,0.04,0.51,0.15,0.03,2.00,1.32,1.29,1.26,1.17,0.99,0.83,0.29,2.21,2.17,2.04,1.86,1.36,1.19,1.13,0.60,0.59,0.62,0.63,0.72,0.70,0.25,48.00,7.20,14.70,30.40,6.80,12.20,,,,,,,,,,,
Jewell,Jewell,39.68329,-98.21259,64,2,50,11/27/2019 0:00,0.2,0.0,12,38,50,silty clay loam,1.57,2.60,0.40,0.40,0.37,0.43,0.43,0.43,0.42,0.40,0.28,0.28,0.06,0.42,0.21,0.01,1.40,1.35,1.38,1.36,1.34,1.32,1.21,0.48,1.89,1.75,1.77,1.65,1.68,1.59,1.25,0.72,0.79,0.77,0.81,0.79,0.77,0.39,56.40,7.20,16.80,34.80,7.30,14.50,,,,,,,,,,,soil sample did not saturate and appeared impermeable to water after a week in permeameter_also craks appeared on surface during the second day falling head measurement
Hays,Ellis,38.84941,-99.34457,65,1,5,11/27/2019 0:00,0.4,0.0,,,,silt loam,1.35,2.52,0.47,0.43,0.35,0.44,0.44,0.45,0.39,0.36,0.23,0.23,0.01,0.44,0.21,0.02,1.62,1.23,1.24,1.26,1.21,1.15,1.05,0.41,2.12,1.96,1.77,1.68,1.39,1.12,0.90,0.58,0.64,0.71,0.72,0.83,0.94,0.46,,,,,,,0.25,2.6,3703.4,290.7,21.5,4.4,27.1,7.5,7.2,498.9,
Hays,Ellis,38.84941,-99.34457,66,1,10,11/27/2019 0:00,35.0,1.5,,,,silty clay loam,1.26,2.58,0.51,0.46,0.25,0.46,0.43,0.42,0.34,0.31,0.21,0.21,0.02,0.46,0.16,0.11,1.32,1.21,1.16,1.14,0.98,1.06,0.75,0.32,2.40,2.22,1.95,1.76,1.21,1.31,1.01,0.50,0.52,0.58,0.56,0.87,0.57,0.32,,,,,,,0.19,1.8,3966.8,304.0,20.5,3.3,27.2,7.7,7.2,592.2,
Hays,Ellis,38.84941,-99.34457,67,1,20,11/27/2019 0:00,0.3,0.0,,,,silty clay,1.41,2.51,0.44,0.42,0.31,0.44,0.43,0.43,0.38,0.36,0.29,0.25,0.02,0.43,0.25,0.05,1.34,1.29,1.26,1.29,1.23,1.24,1.13,0.51,1.88,1.93,1.80,1.68,1.54,1.41,1.07,0.69,0.66,0.72,0.73,0.80,0.80,0.48,,,,,,,0.15,1.4,4187.9,510.8,34.5,2.8,6.1,8.0,7.4,570.8,
Hays,Ellis,38.84941,-99.34457,68,1,50,11/27/2019 0:00,0.3,0.0,,,,silty clay,1.55,2.57,0.40,0.40,0.32,0.41,0.41,0.41,0.38,0.37,0.32,0.25,0.02,0.41,0.25,0.04,1.21,1.33,1.32,1.31,1.24,1.19,1.18,0.20,1.94,1.86,1.75,1.64,1.38,1.26,0.96,0.69,0.71,0.75,0.75,0.87,0.94,0.20,,,,,,,0.07,1.1,5239.1,920.4,147.3,1.6,1.0,8.4,7.4,508.9,
Hays,Ellis,38.84941,-99.34457,69,2,5,11/27/2019 0:00,29.1,1.2,15,27,58,silt loam,1.20,2.47,0.51,0.49,0.25,0.51,0.48,0.48,0.41,0.39,0.19,0.27,0.04,0.50,0.01,0.04,1.24,1.20,1.29,1.19,1.16,1.12,0.99,0.31,2.08,2.06,2.01,1.90,1.29,1.19,0.91,0.58,0.63,0.59,0.61,0.87,0.83,0.34,43.70,4.90,10.10,29.50,5.00,9.00,,,,,,,,,,,
Hays,Ellis,38.84941,-99.34457,70,2,10,11/27/2019 0:00,80.8,3.4,14,32,55,silty clay loam,1.26,2.60,0.51,0.48,0.30,0.48,0.45,0.44,0.37,0.35,0.19,0.24,0.05,0.48,0.01,0.09,1.19,1.22,1.20,1.15,1.15,1.11,1.04,0.48,1.92,1.95,1.87,1.76,1.18,1.47,1.08,0.64,0.61,0.62,0.65,0.94,0.71,0.44,41.00,4.30,9.70,27.70,4.50,8.30,,,,,,,,,,,
Hays,Ellis,38.84941,-99.34457,71,2,20,11/27/2019 0:00,11.0,0.5,12,43,45,silty clay,1.30,2.56,0.49,0.48,0.33,0.48,0.46,0.45,0.41,0.38,0.26,0.28,0.06,0.49,0.01,0.09,1.13,1.22,1.19,1.21,1.18,1.10,1.09,0.27,2.24,1.81,1.79,1.68,1.53,1.41,1.30,0.54,0.65,0.68,0.70,0.72,0.77,0.21,45.60,4.30,9.90,27.90,4.80,8.90,,,,,,,,,,,
Hays,Ellis,38.84941,-99.34457,72,2,50,11/27/2019 0:00,0.3,0.0,13,45,42,silty clay,1.52,2.66,0.43,0.42,0.36,0.43,0.43,0.43,0.41,0.39,0.29,0.28,0.06,0.43,0.24,0.02,1.38,1.28,1.32,1.27,1.24,1.26,1.24,0.65,2.13,1.85,1.82,1.68,1.52,1.27,1.14,0.60,0.71,0.70,0.73,0.83,0.98,0.57,51.90,4.70,10.90,34.80,5.30,11.00,,,,,,,,,,,soil sample did not saturate and appeared impermeable to water after a week in permeameter
